#{"t_start": 1760778082.4127162, "env_id": "MountainCar-v0"}
r,l,t
-200.0,200,0.011656
-200.0,200,0.016435
-200.0,200,0.021155
-200.0,200,0.027623
-200.0,200,0.033418
-200.0,200,0.090029
-200.0,200,0.146761
-200.0,200,0.194799
-200.0,200,0.249424
-200.0,200,0.298249
-200.0,200,0.3496
-200.0,200,0.402801
-200.0,200,0.458473
-200.0,200,0.507382
-200.0,200,0.560197
-200.0,200,0.60976
-200.0,200,0.664585
-200.0,200,0.713623
-200.0,200,0.765464
-200.0,200,0.814011
-200.0,200,0.86751
-200.0,200,0.915963
-200.0,200,0.967758
-200.0,200,1.015303
-200.0,200,1.069348
-200.0,200,1.119307
-200.0,200,1.170069
-200.0,200,1.21706
-200.0,200,1.270091
-200.0,200,1.317015
-200.0,200,1.367737
-200.0,200,1.414417
-200.0,200,1.470877
-200.0,200,1.517651
-200.0,200,1.568222
-200.0,200,1.614892
-200.0,200,1.667232
-200.0,200,1.714509
-200.0,200,1.764644
-200.0,200,1.811954
-200.0,200,1.864271
-200.0,200,1.911298
-200.0,200,1.962
-200.0,200,2.008951
-200.0,200,2.061491
-200.0,200,2.108932
-200.0,200,2.159422
-200.0,200,2.206107
-200.0,200,2.258948
-200.0,200,2.306088
-200.0,200,2.357934
-200.0,200,2.405407
-200.0,200,2.458371
-200.0,200,2.505612
-200.0,200,2.556451
-200.0,200,2.603276
-200.0,200,2.656139
-200.0,200,2.70472
-200.0,200,2.760505
-200.0,200,2.812662
-200.0,200,2.871052
-200.0,200,2.924124
-200.0,200,2.977643
-200.0,200,3.031535
-200.0,200,3.09067
-200.0,200,3.142812
-200.0,200,3.199792
-200.0,200,3.251609
-200.0,200,3.31029
-200.0,200,3.364546
-200.0,200,3.419419
-200.0,200,3.468809
-200.0,200,3.523104
-200.0,200,3.570962
-200.0,200,3.622337
-200.0,200,3.672368
-200.0,200,3.725669
-200.0,200,3.772968
-200.0,200,3.824732
-200.0,200,3.872579
-200.0,200,3.926028
-200.0,200,3.973887
-200.0,200,4.024839
-200.0,200,4.07222
-200.0,200,4.126569
-200.0,200,4.173843
-200.0,200,4.225167
-200.0,200,4.273069
-200.0,200,4.326349
-200.0,200,4.373954
-200.0,200,4.425505
-200.0,200,4.472821
-200.0,200,4.525978
-200.0,200,4.573926
-200.0,200,4.625472
-200.0,200,4.673362
-200.0,200,4.72669
-200.0,200,4.774472
-200.0,200,4.82626
-200.0,200,4.87417
-200.0,200,4.932639
-200.0,200,4.981046
-200.0,200,5.032483
-200.0,200,5.08055
-200.0,200,5.134242
-200.0,200,5.182684
-200.0,200,5.234487
-200.0,200,5.282892
-200.0,200,5.336442
-200.0,200,5.38414
-200.0,200,5.436011
-200.0,200,5.484055
-200.0,200,5.538115
-200.0,200,5.585371
-200.0,200,5.637544
-200.0,200,5.685638
-200.0,200,5.739892
-200.0,200,5.788221
-200.0,200,5.839711
-200.0,200,5.888159
-200.0,200,5.942217
-200.0,200,5.991019
-200.0,200,6.042507
-200.0,200,6.091039
-200.0,200,6.145694
-200.0,200,6.195963
-200.0,200,6.248634
-200.0,200,6.297605
-200.0,200,6.351613
-200.0,200,6.399978
-200.0,200,6.45244
-200.0,200,6.500711
-200.0,200,6.554992
-200.0,200,6.602988
-200.0,200,6.659694
-200.0,200,6.708894
-200.0,200,6.763397
-200.0,200,6.8116
-200.0,200,6.864719
-200.0,200,6.913535
-200.0,200,6.967429
-200.0,200,7.016306
-200.0,200,7.067813
-200.0,200,7.115707
-200.0,200,7.170433
-200.0,200,7.218685
-200.0,200,7.270572
-200.0,200,7.319315
-200.0,200,7.374103
-200.0,200,7.422885
-200.0,200,7.476801
-200.0,200,7.525921
-200.0,200,7.580509
-200.0,200,7.63076
-200.0,200,7.684029
-200.0,200,7.737323
-200.0,200,7.79367
-200.0,200,7.845025
-200.0,200,7.900906
-200.0,200,7.953933
-200.0,200,8.010053
-200.0,200,8.061288
-200.0,200,8.116011
-200.0,200,8.165919
-200.0,200,8.220972
-200.0,200,8.271209
-200.0,200,8.325027
-200.0,200,8.374761
-200.0,200,8.430064
-200.0,200,8.480814
-200.0,200,8.536021
-200.0,200,8.587924
-200.0,200,8.645319
-200.0,200,8.696939
-200.0,200,8.752679
-200.0,200,8.804836
-200.0,200,8.860741
-200.0,200,8.910927
-200.0,200,8.965881
-200.0,200,9.016861
-200.0,200,9.074649
-200.0,200,9.125841
-200.0,200,9.180856
-200.0,200,9.231856
-200.0,200,9.290005
-200.0,200,9.340469
-200.0,200,9.394462
-200.0,200,9.444797
-200.0,200,9.500534
-200.0,200,9.552241
-200.0,200,9.607983
-200.0,200,9.659403
-200.0,200,9.71674
-200.0,200,9.768124
-200.0,200,9.82355
-200.0,200,9.875481
-200.0,200,9.932879
-200.0,200,9.983958
-200.0,200,10.0399
-200.0,200,10.090112
-200.0,200,10.146033
-200.0,200,10.196007
-200.0,200,10.25049
-200.0,200,10.301518
-200.0,200,10.358558
-200.0,200,10.409798
-200.0,200,10.464401
-200.0,200,10.515555
-200.0,200,10.571647
-200.0,200,10.622197
-200.0,200,10.677205
-200.0,200,10.72821
-200.0,200,10.785523
-200.0,200,10.838105
-200.0,200,10.893387
-200.0,200,10.94413
-200.0,200,11.015379
-200.0,200,11.070028
-200.0,200,11.124517
-200.0,200,11.175635
-200.0,200,11.232362
-200.0,200,11.282868
-200.0,200,11.337512
-200.0,200,11.388907
-200.0,200,11.445401
-200.0,200,11.499698
-200.0,200,11.566125
-200.0,200,11.622323
-200.0,200,11.681553
-200.0,200,11.73647
-200.0,200,11.798121
-200.0,200,11.85217
-200.0,200,11.9118
-200.0,200,11.963149
-200.0,200,12.017771
-200.0,200,12.068707
-200.0,200,12.12572
-200.0,200,12.176941
-200.0,200,12.231535
-200.0,200,12.282978
-200.0,200,12.341588
-200.0,200,12.395092
-200.0,200,12.455595
-200.0,200,12.510772
-200.0,200,12.57128
-200.0,200,12.62743
-200.0,200,12.684452
-200.0,200,12.734997
-200.0,200,12.793218
-200.0,200,12.844991
-200.0,200,12.901343
-200.0,200,12.953372
-200.0,200,13.010069
-200.0,200,13.060888
-200.0,200,13.114828
-200.0,200,13.165551
-200.0,200,13.222287
-200.0,200,13.272568
-200.0,200,13.32658
-200.0,200,13.377094
-200.0,200,13.433427
-200.0,200,13.484704
-200.0,200,13.538883
-200.0,200,13.589495
-200.0,200,13.645513
-200.0,200,13.696074
-200.0,200,13.74962
-200.0,200,13.800093
-200.0,200,13.85604
-200.0,200,13.906943
-200.0,200,13.961824
-200.0,200,14.012888
-200.0,200,14.06892
-200.0,200,14.11973
-200.0,200,14.17423
-200.0,200,14.226488
-200.0,200,14.283267
-200.0,200,14.333298
-200.0,200,14.388049
-200.0,200,14.439147
-200.0,200,14.496132
-200.0,200,14.547111
-200.0,200,14.60222
-200.0,200,14.654534
-200.0,200,14.71205
-200.0,200,14.763117
-200.0,200,14.818153
-200.0,200,14.869086
-200.0,200,14.929761
-200.0,200,14.980478
-200.0,200,15.035629
-200.0,200,15.087234
-200.0,200,15.143744
-200.0,200,15.194754
-200.0,200,15.249989
-200.0,200,15.301026
-200.0,200,15.358719
-200.0,200,15.410287
-200.0,200,15.464484
-200.0,200,15.515692
-200.0,200,15.574502
-200.0,200,15.625892
-200.0,200,15.680482
-200.0,200,15.731943
-200.0,200,15.789052
-200.0,200,15.839786
-200.0,200,15.895107
-200.0,200,15.946316
-200.0,200,16.00386
-200.0,200,16.056368
-200.0,200,16.113234
-200.0,200,16.169628
-200.0,200,16.228063
-200.0,200,16.280384
-200.0,200,16.335258
-200.0,200,16.386891
-200.0,200,16.443556
-200.0,200,16.495985
-200.0,200,16.550697
-200.0,200,16.602339
-200.0,200,16.658778
-200.0,200,16.709723
-200.0,200,16.764521
-200.0,200,16.815154
-200.0,200,16.872415
-200.0,200,16.925283
-200.0,200,16.980281
-200.0,200,17.032793
-200.0,200,17.090411
-200.0,200,17.142628
-200.0,200,17.19836
-200.0,200,17.249512
-200.0,200,17.309664
-200.0,200,17.361152
-200.0,200,17.415967
-200.0,200,17.467243
-200.0,200,17.524994
-200.0,200,17.576675
-200.0,200,17.631395
-200.0,200,17.68335
-200.0,200,17.740719
-200.0,200,17.791974
-200.0,200,17.846756
-200.0,200,17.898397
-200.0,200,17.956182
-200.0,200,18.007657
-200.0,200,18.063162
-200.0,200,18.114892
-200.0,200,18.172903
-200.0,200,18.224025
-200.0,200,18.280791
-200.0,200,18.333027
-200.0,200,18.390913
-200.0,200,18.442237
-200.0,200,18.497795
-200.0,200,18.549375
-200.0,200,18.607187
-200.0,200,18.659259
-200.0,200,18.714742
-200.0,200,18.766747
-200.0,200,18.824218
-200.0,200,18.876554
-200.0,200,18.933495
-200.0,200,18.990012
-200.0,200,19.048209
-200.0,200,19.100219
-200.0,200,19.156371
-200.0,200,19.208937
-200.0,200,19.271328
-200.0,200,19.324086
-200.0,200,19.379866
-200.0,200,19.431868
-200.0,200,19.490325
-200.0,200,19.542348
-200.0,200,19.598766
-200.0,200,19.653853
-200.0,200,19.712449
-200.0,200,19.764655
-200.0,200,19.820755
-200.0,200,19.87268
-200.0,200,19.93098
-200.0,200,19.983787
-200.0,200,20.039892
-200.0,200,20.092525
-200.0,200,20.15128
-200.0,200,20.203843
-200.0,200,20.259951
-200.0,200,20.31248
-200.0,200,20.370259
-200.0,200,20.422993
-200.0,200,20.479504
-200.0,200,20.532277
-200.0,200,20.590842
-200.0,200,20.643108
-200.0,200,20.699213
-200.0,200,20.75186
-200.0,200,20.811447
-200.0,200,20.864569
-200.0,200,20.921111
-200.0,200,20.974214
-200.0,200,21.033752
-200.0,200,21.086815
-200.0,200,21.14279
-200.0,200,21.194851
-200.0,200,21.256704
-200.0,200,21.309414
-200.0,200,21.365574
-200.0,200,21.418436
-200.0,200,21.477048
-200.0,200,21.529329
-200.0,200,21.585845
-200.0,200,21.63918
-200.0,200,21.697642
-200.0,200,21.750468
-200.0,200,21.806942
-200.0,200,21.859921
-200.0,200,21.918568
-200.0,200,21.971454
-200.0,200,22.027766
-200.0,200,22.080364
-200.0,200,22.138605
-200.0,200,22.191648
-200.0,200,22.248167
-200.0,200,22.301717
-200.0,200,22.359638
-200.0,200,22.413835
-200.0,200,22.470438
-200.0,200,22.524253
-200.0,200,22.582631
-200.0,200,22.635807
-200.0,200,22.692178
-200.0,200,22.745294
-200.0,200,22.804252
-200.0,200,22.85734
-200.0,200,22.913782
-200.0,200,22.967507
-200.0,200,23.029623
-200.0,200,23.083018
-200.0,200,23.139651
-200.0,200,23.192838
-200.0,200,23.25211
-200.0,200,23.306018
-200.0,200,23.362975
-200.0,200,23.416651
-200.0,200,23.476561
-200.0,200,23.52953
-200.0,200,23.586848
-200.0,200,23.640561
-200.0,200,23.699736
-200.0,200,23.753398
-200.0,200,23.811782
-200.0,200,23.865785
-200.0,200,23.925257
-200.0,200,23.978489
-200.0,200,24.035679
-200.0,200,24.089186
-200.0,200,24.148178
-200.0,200,24.201293
-200.0,200,24.258243
-200.0,200,24.311448
-200.0,200,24.370904
-200.0,200,24.424203
-200.0,200,24.481376
-200.0,200,24.536071
-200.0,200,24.596199
-200.0,200,24.650032
-200.0,200,24.707314
-200.0,200,24.760754
-200.0,200,24.819688
-200.0,200,24.872918
-200.0,200,24.930123
-200.0,200,24.983628
-200.0,200,25.045053
-200.0,200,25.098798
-200.0,200,25.156572
-200.0,200,25.21223
-200.0,200,25.271371
-200.0,200,25.32495
-200.0,200,25.382318
-200.0,200,25.435853
-200.0,200,25.495503
-200.0,200,25.553109
-200.0,200,25.61223
-200.0,200,25.666708
-200.0,200,25.726414
-200.0,200,25.780169
-200.0,200,25.837618
-200.0,200,25.891813
-200.0,200,25.951615
-200.0,200,26.005669
-200.0,200,26.063427
-200.0,200,26.116765
-200.0,200,26.176728
-200.0,200,26.231061
-200.0,200,26.288735
-200.0,200,26.342584
-200.0,200,26.402462
-200.0,200,26.456473
-200.0,200,26.514689
-200.0,200,26.568496
-200.0,200,26.629304
-200.0,200,26.683741
-200.0,200,26.741066
-200.0,200,26.794759
-200.0,200,26.8549
-200.0,200,26.908857
-200.0,200,26.966289
-200.0,200,27.020544
-200.0,200,27.083705
-200.0,200,27.137481
-200.0,200,27.194901
-200.0,200,27.248939
-200.0,200,27.308626
-200.0,200,27.362957
-200.0,200,27.420884
-200.0,200,27.474705
-200.0,200,27.534064
-200.0,200,27.587904
-200.0,200,27.645796
-200.0,200,27.699882
-200.0,200,27.759548
-200.0,200,27.81362
-200.0,200,27.871652
-200.0,200,27.925383
-200.0,200,27.985233
-200.0,200,28.041161
-200.0,200,28.09956
-200.0,200,28.15601
-200.0,200,28.217398
-200.0,200,28.272625
-200.0,200,28.331378
-200.0,200,28.386092
-200.0,200,28.446803
-200.0,200,28.50142
-200.0,200,28.559784
-200.0,200,28.614487
-200.0,200,28.677943
-200.0,200,28.733623
-200.0,200,28.79247
-200.0,200,28.846966
-200.0,200,28.907932
-200.0,200,28.962406
-200.0,200,29.020423
-200.0,200,29.075273
-200.0,200,29.139251
-200.0,200,29.193803
-200.0,200,29.251941
-192.0,192,29.306076
-200.0,200,29.363074
-200.0,200,29.421472
-200.0,200,29.477715
-200.0,200,29.536918
-200.0,200,29.594157
-200.0,200,29.656154
-200.0,200,29.715204
-200.0,200,29.774858
-200.0,200,29.832575
-200.0,200,29.891317
-200.0,200,29.946993
-200.0,200,30.007922
-200.0,200,30.070681
-200.0,200,30.131419
-200.0,200,30.187371
-200.0,200,30.247287
-200.0,200,30.310224
-200.0,200,30.375945
-200.0,200,30.436902
-200.0,200,30.500664
-200.0,200,30.560943
-200.0,200,30.622619
-200.0,200,30.683518
-200.0,200,30.744895
-200.0,200,30.802331
-200.0,200,30.863741
-200.0,200,30.919707
-200.0,200,30.98744
-200.0,200,31.04564
-200.0,200,31.104485
-200.0,200,31.159731
-200.0,200,31.218512
-200.0,200,31.275935
-200.0,200,31.334714
-200.0,200,31.390681
-200.0,200,31.449603
-200.0,200,31.507066
-200.0,200,31.56622
-200.0,200,31.621918
-200.0,200,31.680536
-200.0,200,31.738281
-200.0,200,31.79684
-200.0,200,31.852194
-200.0,200,31.910725
-200.0,200,31.968071
-200.0,200,32.026707
-200.0,200,32.082073
-200.0,200,32.141026
-200.0,200,32.19825
-200.0,200,32.257617
-200.0,200,32.31296
-200.0,200,32.371671
-200.0,200,32.43051
-200.0,200,32.488993
-200.0,200,32.544355
-200.0,200,32.604086
-200.0,200,32.665092
-200.0,200,32.723724
-200.0,200,32.779112
-200.0,200,32.837454
-200.0,200,32.894708
-200.0,200,32.953675
-200.0,200,33.008856
-200.0,200,33.067611
-200.0,200,33.125294
-200.0,200,33.183923
-200.0,200,33.238971
-200.0,200,33.298158
-200.0,200,33.356062
-200.0,200,33.414895
-200.0,200,33.470624
-200.0,200,33.529095
-200.0,200,33.586388
-200.0,200,33.645752
-200.0,200,33.700965
-200.0,200,33.759951
-200.0,200,33.817876
-200.0,200,33.878165
-200.0,200,33.933223
-200.0,200,33.993018
-200.0,200,34.050272
-200.0,200,34.10888
-200.0,200,34.164248
-200.0,200,34.222548
-200.0,200,34.279765
-200.0,200,34.338246
-200.0,200,34.393694
-200.0,200,34.452317
-200.0,200,34.513779
-200.0,200,34.5724
-200.0,200,34.627788
-200.0,200,34.686235
-200.0,200,34.743806
-167.0,167,34.796782
-200.0,200,34.858921
-200.0,200,34.921715
-200.0,200,34.982962
-200.0,200,35.045922
-200.0,200,35.101456
-200.0,200,35.160341
-196.0,196,35.217723
-200.0,200,35.276029
-200.0,200,35.332354
-200.0,200,35.392151
-200.0,200,35.449619
-200.0,200,35.507791
-200.0,200,35.563534
-200.0,200,35.622208
-200.0,200,35.679934
-200.0,200,35.738907
-200.0,200,35.793946
-200.0,200,35.852187
-200.0,200,35.909382
-194.0,194,35.963564
-200.0,200,36.022107
-200.0,200,36.077139
-200.0,200,36.138352
-200.0,200,36.19361
-200.0,200,36.252252
-200.0,200,36.30726
-200.0,200,36.37098
-200.0,200,36.4266
-200.0,200,36.485646
-200.0,200,36.540997
-200.0,200,36.602289
-173.0,173,36.652284
-200.0,200,36.707188
-200.0,200,36.768402
-200.0,200,36.826222
-200.0,200,36.884419
-200.0,200,36.939975
-200.0,200,36.998341
-200.0,200,37.055581
-200.0,200,37.114118
-200.0,200,37.169435
-200.0,200,37.22811
-200.0,200,37.286006
-200.0,200,37.344642
-200.0,200,37.400493
-200.0,200,37.459875
-200.0,200,37.517824
-200.0,200,37.576365
-200.0,200,37.631699
-200.0,200,37.690597
-200.0,200,37.747853
-200.0,200,37.806572
-200.0,200,37.861641
-200.0,200,37.920355
-143.0,143,37.96668
-200.0,200,38.022027
-200.0,200,38.081115
-200.0,200,38.136355
-200.0,200,38.198985
-200.0,200,38.254577
-200.0,200,38.313675
-200.0,200,38.369752
-200.0,200,38.4316
-200.0,200,38.487097
-169.0,169,38.536846
-200.0,200,38.591376
-200.0,200,38.653124
-200.0,200,38.708286
-172.0,172,38.75879
-148.0,148,38.799928
-200.0,200,38.861421
-200.0,200,38.916138
-200.0,200,38.974849
-200.0,200,39.030111
-184.0,184,39.086291
-200.0,200,39.145686
-200.0,200,39.204873
-200.0,200,39.259809
-200.0,200,39.320532
-168.0,168,39.366701
-200.0,200,39.425239
-123.0,123,39.458069
-200.0,200,39.522573
-200.0,200,39.577671
-200.0,200,39.637314
-200.0,200,39.69361
-200.0,200,39.75463
-200.0,200,39.809462
-200.0,200,39.86864
-151.0,151,39.910076
-187.0,187,39.966517
-118.0,118,39.998367
-200.0,200,40.057185
-200.0,200,40.112256
-144.0,144,40.15598
-189.0,189,40.210477
-200.0,200,40.269417
-200.0,200,40.32427
-200.0,200,40.386067
-200.0,200,40.441253
-200.0,200,40.500225
-200.0,200,40.555639
-190.0,190,40.613705
-200.0,200,40.668886
-200.0,200,40.727539
-200.0,200,40.782598
-200.0,200,40.843501
-200.0,200,40.8986
-120.0,120,40.934488
-200.0,200,40.989866
-177.0,177,41.049586
-200.0,200,41.106597
-200.0,200,41.165432
-200.0,200,41.22177
-128.0,128,41.260904
-200.0,200,41.319542
-200.0,200,41.374902
-200.0,200,41.43367
-200.0,200,41.491376
-200.0,200,41.54979
-180.0,180,41.600306
-172.0,172,41.649977
-200.0,200,41.707962
-200.0,200,41.767044
-200.0,200,41.822303
-150.0,150,41.863907
-200.0,200,41.924646
-200.0,200,41.980306
-200.0,200,42.039133
-178.0,178,42.088897
-149.0,149,42.132503
-163.0,163,42.181945
-200.0,200,42.237171
-200.0,200,42.296165
-130.0,130,42.335256
-200.0,200,42.390243
-182.0,182,42.44417
-200.0,200,42.499525
-168.0,168,42.555863
-200.0,200,42.61125
-152.0,152,42.657029
-115.0,115,42.688878
-153.0,153,42.733767
-195.0,195,42.794082
-191.0,191,42.850129
-200.0,200,42.908948
-200.0,200,42.966827
-173.0,173,43.016803
-189.0,189,43.071147
-200.0,200,43.129606
-200.0,200,43.186934
-200.0,200,43.245217
-200.0,200,43.300191
-200.0,200,43.358598
-200.0,200,43.416392
-183.0,183,43.466949
-200.0,200,43.525436
-200.0,200,43.580295
-200.0,200,43.640949
-173.0,173,43.690998
-154.0,154,43.732278
-200.0,200,43.790435
-200.0,200,43.847925
-200.0,200,43.907173
-200.0,200,43.962418
-200.0,200,44.023346
-128.0,128,44.065711
-186.0,186,44.120285
-200.0,200,44.175716
-200.0,200,44.234548
-200.0,200,44.291955
-200.0,200,44.350147
-182.0,182,44.400674
-200.0,200,44.455243
-200.0,200,44.516134
-122.0,122,44.552241
-200.0,200,44.607338
-200.0,200,44.666001
-200.0,200,44.726628
-135.0,135,44.764661
-200.0,200,44.824817
-200.0,200,44.880533
-88.0,88,44.910398
-200.0,200,44.966037
-200.0,200,45.024969
-200.0,200,45.080995
-122.0,122,45.119633
-200.0,200,45.178321
-134.0,134,45.215101
-190.0,190,45.270278
-200.0,200,45.328109
-178.0,178,45.378947
-180.0,180,45.435128
-200.0,200,45.493621
-200.0,200,45.557136
-200.0,200,45.612885
-200.0,200,45.671731
-174.0,174,45.722149
-200.0,200,45.780303
-200.0,200,45.838792
-200.0,200,45.894407
-200.0,200,45.953605
-109.0,109,45.984522
-200.0,200,46.043563
-200.0,200,46.099117
-200.0,200,46.158087
-200.0,200,46.215708
-200.0,200,46.274497
-146.0,146,46.316172
-200.0,200,46.375015
-200.0,200,46.432329
-172.0,172,46.482132
-91.0,91,46.505708
-153.0,153,46.559318
-175.0,175,46.612631
-185.0,185,46.66717
-200.0,200,46.722659
-173.0,173,46.772363
-153.0,153,46.818907
-175.0,175,46.869573
-200.0,200,46.934231
-200.0,200,46.989548
-174.0,174,47.043213
-200.0,200,47.102053
-200.0,200,47.157516
-200.0,200,47.216043
-159.0,159,47.263462
-184.0,184,47.31441
-200.0,200,47.373664
-200.0,200,47.428988
-168.0,168,47.481
-200.0,200,47.536661
-184.0,184,47.590706
-191.0,191,47.645392
-194.0,194,47.702727
-200.0,200,47.75833
-164.0,164,47.805572
-200.0,200,47.864667
-168.0,168,47.913478
-178.0,178,47.966926
-188.0,188,48.017679
-200.0,200,48.076458
-197.0,197,48.137092
-101.0,101,48.164748
-161.0,161,48.213819
-163.0,163,48.260113
-200.0,200,48.317579
-193.0,193,48.375774
-181.0,181,48.429747
-170.0,170,48.476643
-200.0,200,48.538703
-200.0,200,48.594272
-200.0,200,48.65335
-200.0,200,48.708463
-153.0,153,48.756349
-200.0,200,48.811239
-170.0,170,48.861125
-186.0,186,48.914968
-169.0,169,48.963447
-200.0,200,49.022121
-106.0,106,49.050014
-189.0,189,49.104354
-200.0,200,49.165518
-200.0,200,49.220837
-200.0,200,49.280203
-145.0,145,49.321207
-169.0,169,49.373245
-171.0,171,49.423129
-188.0,188,49.477756
-163.0,163,49.523346
-200.0,200,49.580682
-200.0,200,49.63994
-200.0,200,49.695201
-200.0,200,49.753803
-200.0,200,49.812778
-200.0,200,49.87162
-200.0,200,49.926717
-182.0,182,49.982006
-165.0,165,50.030529
-180.0,180,50.081403
-200.0,200,50.140297
-200.0,200,50.19584
-170.0,170,50.248241
-157.0,157,50.293527
-197.0,197,50.348596
-150.0,150,50.389997
-164.0,164,50.442024
-138.0,138,50.479045
-164.0,164,50.525186
-163.0,163,50.574831
-161.0,161,50.626297
-164.0,164,50.672683
-187.0,187,50.727137
-200.0,200,50.782339
-125.0,125,50.827816
-166.0,166,50.874469
-200.0,200,50.933108
-159.0,159,50.978988
-160.0,160,51.028336
-120.0,120,51.060733
-155.0,155,51.105849
-155.0,155,51.150937
-191.0,191,51.208823
-200.0,200,51.265516
-150.0,150,51.306787
-186.0,186,51.361411
-156.0,156,51.409153
-120.0,120,51.441779
-155.0,155,51.487121
-165.0,165,51.532851
-87.0,87,51.562048
-200.0,200,51.618214
-168.0,168,51.668227
-176.0,176,51.719064
-133.0,133,51.759363
-200.0,200,51.818186
-200.0,200,51.873747
-173.0,173,51.923885
-184.0,184,51.980201
-172.0,172,52.030486
-131.0,131,52.067273
-144.0,144,52.108725
-182.0,182,52.16537
-200.0,200,52.221316
-200.0,200,52.280667
-200.0,200,52.335915
-179.0,179,52.389009
-200.0,200,52.448074
-199.0,199,52.503801
-194.0,194,52.5582
-200.0,200,52.6196
-200.0,200,52.674633
-197.0,197,52.735081
-181.0,181,52.787303
-200.0,200,52.849274
-181.0,181,52.899996
-191.0,191,52.955107
-200.0,200,53.009877
-196.0,196,53.071024
-195.0,195,53.126816
-200.0,200,53.182037
-180.0,180,53.235888
-200.0,200,53.296755
-154.0,154,53.342339
-177.0,177,53.392657
-175.0,175,53.443026
-176.0,176,53.495647
-200.0,200,53.550748
-200.0,200,53.609728
-187.0,187,53.660704
-171.0,171,53.713191
-180.0,180,53.764102
-187.0,187,53.819357
-174.0,174,53.869472
-172.0,172,53.922153
-169.0,169,53.969147
-200.0,200,54.028293
-175.0,175,54.079061
-174.0,174,54.128405
-200.0,200,54.189289
-163.0,163,54.235492
-156.0,156,54.281367
-171.0,171,54.33341
-194.0,194,54.388756
-142.0,142,54.429614
-174.0,174,54.476458
-200.0,200,54.545692
-176.0,176,54.596237
-171.0,171,54.646717
-164.0,164,54.693319
-159.0,159,54.742437
-178.0,178,54.79318
-167.0,167,54.839207
-163.0,163,54.8891
-119.0,119,54.924194
-174.0,174,54.975027
-200.0,200,55.030017
-150.0,150,55.075322
-93.0,93,55.104793
-184.0,184,55.1555
-200.0,200,55.214059
-162.0,162,55.260235
-170.0,170,55.309167
-200.0,200,55.367716
-165.0,165,55.414129
-163.0,163,55.460619
-200.0,200,55.5225
-200.0,200,55.57847
-150.0,150,55.624081
-167.0,167,55.674439
-169.0,169,55.731351
-161.0,161,55.777437
-88.0,88,55.800714
-183.0,183,55.855489
-200.0,200,55.913788
-200.0,200,55.97281
-200.0,200,56.028606
-159.0,159,56.074401
-186.0,186,56.131805
-197.0,197,56.186663
-170.0,170,56.236408
-200.0,200,56.291495
-200.0,200,56.352944
-200.0,200,56.408177
-200.0,200,56.46772
-152.0,152,56.509672
-163.0,163,56.557939
-168.0,168,56.607505
-200.0,200,56.662732
-200.0,200,56.721344
-200.0,200,56.77925
-200.0,200,56.838953
-200.0,200,56.897414
-200.0,200,56.962398
-153.0,153,57.014627
-200.0,200,57.076031
-200.0,200,57.13704
-200.0,200,57.200299
-200.0,200,57.260799
-200.0,200,57.321606
-200.0,200,57.379484
-164.0,164,57.42972
-200.0,200,57.488653
-200.0,200,57.549159
-200.0,200,57.604872
-200.0,200,57.664579
-150.0,150,57.709084
-200.0,200,57.768401
-144.0,144,57.809784
-200.0,200,57.895046
-200.0,200,57.998127
-200.0,200,58.062193
-200.0,200,58.126383
-200.0,200,58.188286
-200.0,200,58.256873
-154.0,154,58.300098
-200.0,200,58.363165
-200.0,200,58.424503
-200.0,200,58.491771
-150.0,150,58.535824
-200.0,200,58.596769
-200.0,200,58.653645
-200.0,200,58.718762
-169.0,169,58.767607
-173.0,173,58.819723
-200.0,200,58.878677
-200.0,200,58.945554
-200.0,200,59.003617
-151.0,151,59.050556
-200.0,200,59.10783
-194.0,194,59.171105
-200.0,200,59.228673
-159.0,159,59.275355
-200.0,200,59.331161
-200.0,200,59.396414
-200.0,200,59.453269
-200.0,200,59.512765
-200.0,200,59.568961
-200.0,200,59.630738
-200.0,200,59.69302
-200.0,200,59.753184
-200.0,200,59.809842
-200.0,200,59.872223
-200.0,200,59.928119
-159.0,159,59.975578
-200.0,200,60.039584
-200.0,200,60.10255
-191.0,191,60.158952
-200.0,200,60.220751
-200.0,200,60.278916
-200.0,200,60.345383
-200.0,200,60.405742
-195.0,195,60.46672
-200.0,200,60.523621
-200.0,200,60.588628
-200.0,200,60.644815
-200.0,200,60.705492
-200.0,200,60.761443
-200.0,200,60.823602
-200.0,200,60.879328
-200.0,200,60.93928
-200.0,200,60.995764
-200.0,200,61.058286
-200.0,200,61.113558
-200.0,200,61.173225
-200.0,200,61.228706
-200.0,200,61.290339
-200.0,200,61.345343
-200.0,200,61.40435
-200.0,200,61.460599
-200.0,200,61.521919
-200.0,200,61.578019
-200.0,200,61.637475
-200.0,200,61.694921
-200.0,200,61.756918
-200.0,200,61.81233
-200.0,200,61.87127
-200.0,200,61.926946
-200.0,200,61.99354
-200.0,200,62.049321
-200.0,200,62.108685
-200.0,200,62.163664
-200.0,200,62.224871
-200.0,200,62.28038
-200.0,200,62.339008
-200.0,200,62.394702
-200.0,200,62.457168
-200.0,200,62.51282
-200.0,200,62.572147
-200.0,200,62.627796
-200.0,200,62.689553
-200.0,200,62.744675
-200.0,200,62.804152
-200.0,200,62.859804
-200.0,200,62.921792
-200.0,200,62.979038
-200.0,200,63.039109
-200.0,200,63.094837
-200.0,200,63.158343
-200.0,200,63.213907
-200.0,200,63.272912
-200.0,200,63.333501
-200.0,200,63.39586
-200.0,200,63.457842
-200.0,200,63.518119
-200.0,200,63.573822
-200.0,200,63.636063
-200.0,200,63.691757
-200.0,200,63.75083
-200.0,200,63.806373
-200.0,200,63.867845
-200.0,200,63.923028
-200.0,200,63.982827
-200.0,200,64.038481
-200.0,200,64.099709
-200.0,200,64.155317
-200.0,200,64.21447
-200.0,200,64.269318
-200.0,200,64.330515
-200.0,200,64.386315
-200.0,200,64.446024
-196.0,196,64.501797
-200.0,200,64.563906
-200.0,200,64.624554
-200.0,200,64.680189
-200.0,200,64.740516
-200.0,200,64.79848
-200.0,200,64.857795
-200.0,200,64.913935
-184.0,184,64.96919
-200.0,200,65.027339
-200.0,200,65.086439
-200.0,200,65.142488
-192.0,192,65.197483
-188.0,188,65.254965
-200.0,200,65.313908
-200.0,200,65.369005
-200.0,200,65.428802
-200.0,200,65.487558
-200.0,200,65.546777
-200.0,200,65.602318
-200.0,200,65.660975
-200.0,200,65.722081
-200.0,200,65.781291
-200.0,200,65.837267
-200.0,200,65.895722
-200.0,200,65.954199
-200.0,200,66.013322
-200.0,200,66.070302
-178.0,178,66.122153
-171.0,171,66.175524
-197.0,197,66.231238
-200.0,200,66.290287
-150.0,150,66.331597
-165.0,165,66.380349
-200.0,200,66.440687
-200.0,200,66.497003
-196.0,196,66.555879
-200.0,200,66.617467
-195.0,195,66.673145
-200.0,200,66.732224
-136.0,136,66.769938
-200.0,200,66.832173
-200.0,200,66.887755
-157.0,157,66.934509
-146.0,146,66.976523
-179.0,179,67.03026
-159.0,159,67.076077
-165.0,165,67.125852
-186.0,186,67.177251
-171.0,171,67.22985
-200.0,200,67.285268
-176.0,176,67.335734
-191.0,191,67.390865
-200.0,200,67.452948
-154.0,154,67.498271
-160.0,160,67.546234
-144.0,144,67.587916
-173.0,173,67.641707
-123.0,123,67.678461
-200.0,200,67.737833
-173.0,173,67.785024
-200.0,200,67.847027
-161.0,161,67.893115
-182.0,182,67.944522
-185.0,185,68.002645
-168.0,168,68.054956
-144.0,144,68.101223
-178.0,178,68.157112
-151.0,151,68.20628
-146.0,146,68.25364
-200.0,200,68.319814
-176.0,176,68.376563
-200.0,200,68.438133
-200.0,200,68.505319
-115.0,115,68.541509
-200.0,200,68.603629
-200.0,200,68.666955
-200.0,200,68.730705
-200.0,200,68.79133
-154.0,154,68.833954
-200.0,200,68.893454
-200.0,200,68.952142
-200.0,200,69.011663
-166.0,166,69.058373
-195.0,195,69.116168
-200.0,200,69.178147
-161.0,161,69.224671
-200.0,200,69.280675
-200.0,200,69.339717
-156.0,156,69.388548
-200.0,200,69.44445
-200.0,200,69.50415
-154.0,154,69.546457
-200.0,200,69.611447
-154.0,154,69.65376
-200.0,200,69.713377
-200.0,200,69.769983
-155.0,155,69.818037
-200.0,200,69.877176
-200.0,200,69.933572
-200.0,200,69.992744
-200.0,200,70.050484
-160.0,160,70.09685
-200.0,200,70.15627
-200.0,200,70.211345
-95.0,95,70.241581
-156.0,156,70.287731
-200.0,200,70.343313
-200.0,200,70.402671
-200.0,200,70.463225
-142.0,142,70.505316
-200.0,200,70.566293
-200.0,200,70.624381
-200.0,200,70.688872
-200.0,200,70.744805
-200.0,200,70.805022
-152.0,152,70.8469
-200.0,200,70.90857
-200.0,200,70.964707
-173.0,173,71.015586
-200.0,200,71.074738
-200.0,200,71.13451
-200.0,200,71.193369
-172.0,172,71.239879
-180.0,180,71.294427
-174.0,174,71.344076
-160.0,160,71.390137
-200.0,200,71.450021
-160.0,160,71.49599
-163.0,163,71.547848
-155.0,155,71.593472
-158.0,158,71.638873
-200.0,200,71.694853
-200.0,200,71.756309
-169.0,169,71.802774
-94.0,94,71.830402
-200.0,200,71.889572
-200.0,200,71.948161
-200.0,200,72.009007
-200.0,200,72.064844
-167.0,167,72.115741
-101.0,101,72.146382
-200.0,200,72.202606
-200.0,200,72.26124
-99.0,99,72.288881
-200.0,200,72.358846
-160.0,160,72.405325
-200.0,200,72.461344
-200.0,200,72.520651
-200.0,200,72.579001
-166.0,166,72.625434
-145.0,145,72.666579
-200.0,200,72.725671
-200.0,200,72.783629
-200.0,200,72.843393
-148.0,148,72.886303
-95.0,95,72.914075
-137.0,137,72.958254
-157.0,157,73.004177
-200.0,200,73.060068
-200.0,200,73.120166
-200.0,200,73.177995
-200.0,200,73.237142
-152.0,152,73.278852
-200.0,200,73.337876
-200.0,200,73.399233
-200.0,200,73.459623
-175.0,175,73.508591
-200.0,200,73.568774
-164.0,164,73.618055
-173.0,173,73.668471
-200.0,200,73.727302
-200.0,200,73.782542
-200.0,200,73.844173
-200.0,200,73.899731
-200.0,200,73.959557
-200.0,200,74.015367
-149.0,149,74.05971
-200.0,200,74.118765
-200.0,200,74.174507
-200.0,200,74.2333
-200.0,200,74.296177
-200.0,200,74.355684
-200.0,200,74.411475
-200.0,200,74.471927
-200.0,200,74.530557
-200.0,200,74.589224
-200.0,200,74.645695
-200.0,200,74.706531
-153.0,153,74.752129
-200.0,200,74.812239
-200.0,200,74.868613
-176.0,176,74.919921
-200.0,200,74.984111
-200.0,200,75.040368
-200.0,200,75.099814
-200.0,200,75.157197
-200.0,200,75.223852
-200.0,200,75.284507
-156.0,156,75.330707
-200.0,200,75.390108
-200.0,200,75.449198
-200.0,200,75.508694
-200.0,200,75.564945
-200.0,200,75.623459
-200.0,200,75.682199
-200.0,200,75.741868
-200.0,200,75.797566
-200.0,200,75.856625
-200.0,200,75.915507
-200.0,200,75.975288
-165.0,165,76.02186
-200.0,200,76.077821
-185.0,185,76.141208
-200.0,200,76.200532
-200.0,200,76.257365
-200.0,200,76.31616
-173.0,173,76.365775
-200.0,200,76.42896
-200.0,200,76.487473
-200.0,200,76.55016
-162.0,162,76.601175
-170.0,170,76.65345
-200.0,200,76.71051
-200.0,200,76.77103
-164.0,164,76.821595
-183.0,183,76.874289
-162.0,162,76.920584
-168.0,168,76.972527
-200.0,200,77.035709
-181.0,181,77.090708
-175.0,175,77.141765
-200.0,200,77.198108
-200.0,200,77.263481
-200.0,200,77.319537
-154.0,154,77.365816
-170.0,170,77.41528
-200.0,200,77.481793
-186.0,186,77.541806
-200.0,200,77.598481
-173.0,173,77.64886
-200.0,200,77.707727
-161.0,161,77.754078
-200.0,200,77.813497
-144.0,144,77.855
-150.0,150,77.900425
-200.0,200,77.966241
-200.0,200,78.022894
-125.0,125,78.060391
-145.0,145,78.10902
-166.0,166,78.159113
-172.0,172,78.206174
-160.0,160,78.252728
-134.0,134,78.296346
-200.0,200,78.352423
-198.0,198,78.412904
-146.0,146,78.455211
-133.0,133,78.49495
-192.0,192,78.54975
-182.0,182,78.600572
-144.0,144,78.642225
-200.0,200,78.704138
-105.0,105,78.732526
-179.0,179,78.786519
-200.0,200,78.842246
-166.0,166,78.891947
-127.0,127,78.928852
-159.0,159,78.975932
-169.0,169,79.026212
-132.0,132,79.070175
-200.0,200,79.129794
-200.0,200,79.185606
-156.0,156,79.230924
-134.0,134,79.27075
-151.0,151,79.316757
-200.0,200,79.37252
-200.0,200,79.43436
-200.0,200,79.493609
-183.0,183,79.547985
-130.0,130,79.58506
-200.0,200,79.641379
-146.0,146,79.685518
-151.0,151,79.731574
-91.0,91,79.759023
-151.0,151,79.800947
-132.0,132,79.840526
-196.0,196,79.895647
-129.0,129,79.93648
-169.0,169,79.983214
-176.0,176,80.040671
-105.0,105,80.073043
-198.0,198,80.12887
-200.0,200,80.18888
-163.0,163,80.237796
-200.0,200,80.293722
-182.0,182,80.34859
-200.0,200,80.4042
-200.0,200,80.466356
-200.0,200,80.522853
-200.0,200,80.581813
-119.0,119,80.614661
-128.0,128,80.653898
-165.0,165,80.70038
-200.0,200,80.759244
-110.0,110,80.791327
-174.0,174,80.845089
-151.0,151,80.888797
-145.0,145,80.9307
-184.0,184,80.985639
-174.0,174,81.039368
-200.0,200,81.099028
-180.0,180,81.149788
-155.0,155,81.195463
-134.0,134,81.235507
-146.0,146,81.276901
-187.0,187,81.331478
-130.0,130,81.368611
-200.0,200,81.431009
-157.0,157,81.476823
-128.0,128,81.513208
-174.0,174,81.560324
-146.0,146,81.607891
-170.0,170,81.654006
-156.0,156,81.699057
-173.0,173,81.749879
-140.0,140,81.790031
-195.0,195,81.848351
-147.0,147,81.889434
-176.0,176,81.94066
-185.0,185,81.998875
-170.0,170,82.048938
-154.0,154,82.09436
-164.0,164,82.140233
-165.0,165,82.188608
-122.0,122,82.224983
-168.0,168,82.270465
-133.0,133,82.31095
-169.0,169,82.362154
-154.0,154,82.408019
-165.0,165,82.45449
-169.0,169,82.504816
-196.0,196,82.562753
-200.0,200,82.6179
-155.0,155,82.663672
-123.0,123,82.699549
-145.0,145,82.746951
-182.0,182,82.797787
-175.0,175,82.848569
-200.0,200,82.908008
-200.0,200,82.966304
-200.0,200,83.025263
-200.0,200,83.089941
-154.0,154,83.136085
-200.0,200,83.194204
-200.0,200,83.253013
-200.0,200,83.307801
-159.0,159,83.353746
-181.0,181,83.410088
-169.0,169,83.45687
-200.0,200,83.516213
-183.0,183,83.567654
-169.0,169,83.619862
-200.0,200,83.675048
-177.0,177,83.72555
-162.0,162,83.771398
-118.0,118,83.81437
-200.0,200,83.870656
-136.0,136,83.911131
-174.0,174,83.962298
-148.0,148,84.006309
-200.0,200,84.062155
-157.0,157,84.107405
-156.0,156,84.152667
-151.0,151,84.19653
-200.0,200,84.255722
-173.0,173,84.305641
-187.0,187,84.356015
-108.0,108,84.390185
-200.0,200,84.449261
-196.0,196,84.504517
-173.0,173,84.554439
-152.0,152,84.59836
-200.0,200,84.657354
-149.0,149,84.699955
-169.0,169,84.750444
-165.0,165,84.803744
-153.0,153,84.845657
-178.0,178,84.899373
-200.0,200,84.955732
-179.0,179,85.009201
-142.0,142,85.050085
-146.0,146,85.091864
-200.0,200,85.15055
-175.0,175,85.203171
-200.0,200,85.258296
-200.0,200,85.318954
-173.0,173,85.36539
-200.0,200,85.428815
-200.0,200,85.489201
-200.0,200,85.54998
-200.0,200,85.6059
-125.0,125,85.648776
-139.0,139,85.690296
-200.0,200,85.74495
-164.0,164,85.794518
-101.0,101,85.825214
-200.0,200,85.883616
-154.0,154,85.925714
-200.0,200,85.984756
-200.0,200,86.042345
-142.0,142,86.083059
-200.0,200,86.141529
-149.0,149,86.183034
-200.0,200,86.241008
-144.0,144,86.28225
-116.0,116,86.317876
-162.0,162,86.363738
-200.0,200,86.423364
-143.0,143,86.464534
-155.0,155,86.510291
-168.0,168,86.55663
-138.0,138,86.603662
-154.0,154,86.648887
-150.0,150,86.69062
-200.0,200,86.747285
-200.0,200,86.808757
-200.0,200,86.864088
-200.0,200,86.922771
-152.0,152,86.964271
-164.0,164,87.017123
-182.0,182,87.067856
-146.0,146,87.108868
-159.0,159,87.154647
-156.0,156,87.203799
-103.0,103,87.231946
-120.0,120,87.267837
-200.0,200,87.32334
-200.0,200,87.384639
-139.0,139,87.425554
-200.0,200,87.481083
-179.0,179,87.531215
-147.0,147,87.579595
-200.0,200,87.638441
-151.0,151,87.680113
-197.0,197,87.738773
-200.0,200,87.796889
-168.0,168,87.845887
-200.0,200,87.901544
-180.0,180,87.952859
-166.0,166,88.004773
-144.0,144,88.045621
-141.0,141,88.086906
-178.0,178,88.137636
-140.0,140,88.177559
-165.0,165,88.228636
-200.0,200,88.283592
-200.0,200,88.34245
-200.0,200,88.400862
-200.0,200,88.461024
-170.0,170,88.507538
-161.0,161,88.553327
-158.0,158,88.605915
-156.0,156,88.651701
-189.0,189,88.705986
-152.0,152,88.747481
-153.0,153,88.795386
-155.0,155,88.840779
-159.0,159,88.885809
-150.0,150,88.92796
-166.0,166,88.977309
-148.0,148,89.022329
-158.0,158,89.063824
-144.0,144,89.104731
-160.0,160,89.153243
-162.0,162,89.202501
-200.0,200,89.257683
-142.0,142,89.298531
-143.0,143,89.345382
-200.0,200,89.400471
-155.0,155,89.446165
-140.0,140,89.490743
-165.0,165,89.539553
-159.0,159,89.585095
-111.0,111,89.616758
-152.0,152,89.663645
-111.0,111,89.698339
-143.0,143,89.744966
-141.0,141,89.786277
-200.0,200,89.845813
-200.0,200,89.903936
-193.0,193,89.960106
-200.0,200,90.019743
-161.0,161,90.065696
-200.0,200,90.124892
-200.0,200,90.187861
-163.0,163,90.236974
-188.0,188,90.291946
-132.0,132,90.335164
-125.0,125,90.3722
-200.0,200,90.428658
-155.0,155,90.474563
-174.0,174,90.52714
-200.0,200,90.582959
-200.0,200,90.64187
-200.0,200,90.697169
-130.0,130,90.740238
-166.0,166,90.786403
-183.0,183,90.836688
-180.0,180,90.890662
-200.0,200,90.95004
-177.0,177,91.001854
-200.0,200,91.062048
-200.0,200,91.118009
-140.0,140,91.169423
-131.0,131,91.2065
-200.0,200,91.266377
-200.0,200,91.322148
-200.0,200,91.384895
-148.0,148,91.426934
-150.0,150,91.470717
-200.0,200,91.529767
-140.0,140,91.570012
-197.0,197,91.629458
-165.0,165,91.675247
-200.0,200,91.733623
-200.0,200,91.792405
-200.0,200,91.851159
-165.0,165,91.897086
-186.0,186,91.95291
-200.0,200,92.015195
-149.0,149,92.057112
-144.0,144,92.098501
-200.0,200,92.158087
-200.0,200,92.21628
-200.0,200,92.275426
-200.0,200,92.330853
-200.0,200,92.389755
-200.0,200,92.448377
-200.0,200,92.508025
-200.0,200,92.56368
-121.0,121,92.599379
-200.0,200,92.66048
-191.0,191,92.715359
-197.0,197,92.774039
-200.0,200,92.833308
-200.0,200,92.895574
-151.0,151,92.937227
-200.0,200,92.996282
-200.0,200,93.052144
-200.0,200,93.113217
-186.0,186,93.163969
-200.0,200,93.223088
-200.0,200,93.27806
-191.0,191,93.335544
-148.0,148,93.377493
-141.0,141,93.41837
-149.0,149,93.463332
-144.0,144,93.510215
-134.0,134,93.547551
-198.0,198,93.602471
-141.0,141,93.643808
-200.0,200,93.705423
-189.0,189,93.756746
-200.0,200,93.815273
-200.0,200,93.870246
-142.0,142,93.91386
-199.0,199,93.9735
-200.0,200,94.028506
-200.0,200,94.089114
-200.0,200,94.151815
-200.0,200,94.210684
-199.0,199,94.265835
-200.0,200,94.324047
-200.0,200,94.38193
-200.0,200,94.441112
-190.0,190,94.496372
-200.0,200,94.551915
-200.0,200,94.613311
-200.0,200,94.668262
-196.0,196,94.723094
-200.0,200,94.781783
-138.0,138,94.821444
-145.0,145,94.862519
-194.0,194,94.920757
-197.0,197,94.976771
-200.0,200,95.039509
-200.0,200,95.107326
-200.0,200,95.170387
-200.0,200,95.233227
-144.0,144,95.280253
-137.0,137,95.318001
-200.0,200,95.381142
-200.0,200,95.441937
-200.0,200,95.504529
-136.0,136,95.542217
-200.0,200,95.603166
-137.0,137,95.643756
-200.0,200,95.708095
-200.0,200,95.76733
-200.0,200,95.822441
-200.0,200,95.881411
-200.0,200,95.943782
-200.0,200,96.002879
-200.0,200,96.058259
-200.0,200,96.116575
-141.0,141,96.156433
-200.0,200,96.215821
-200.0,200,96.271285
-200.0,200,96.329569
-200.0,200,96.387671
-200.0,200,96.446661
-200.0,200,96.501728
-200.0,200,96.560646
-200.0,200,96.618392
-155.0,155,96.663153
-200.0,200,96.722066
-200.0,200,96.776767
-200.0,200,96.842106
-200.0,200,96.897419
-200.0,200,96.956599
-200.0,200,97.013319
-153.0,153,97.061032
-200.0,200,97.116454
-200.0,200,97.175412
-200.0,200,97.230612
-200.0,200,97.291988
-200.0,200,97.346556
-196.0,196,97.401223
-200.0,200,97.460221
-161.0,161,97.508888
-170.0,170,97.558632
-115.0,115,97.590793
-150.0,150,97.633068
-200.0,200,97.699277
-172.0,172,97.746018
-200.0,200,97.804988
-200.0,200,97.86018
-200.0,200,97.921902
-200.0,200,97.977935
-152.0,152,98.023117
-200.0,200,98.078435
-117.0,117,98.116761
-150.0,150,98.158764
-200.0,200,98.217009
-148.0,148,98.258411
-161.0,161,98.307101
-158.0,158,98.353175
-200.0,200,98.407922
-200.0,200,98.46887
-200.0,200,98.53249
-200.0,200,98.590955
-200.0,200,98.646015
-200.0,200,98.70417
-200.0,200,98.761874
-200.0,200,98.820417
-100.0,100,98.847797
-159.0,159,98.893478
-115.0,115,98.928793
-200.0,200,98.987664
-200.0,200,99.042971
-200.0,200,99.101274
-200.0,200,99.158794
-200.0,200,99.217473
-169.0,169,99.263744
-200.0,200,99.321746
-99.0,99,99.356949
-200.0,200,99.411986
-200.0,200,99.478649
-200.0,200,99.540706
-200.0,200,99.603321
-171.0,171,99.656416
-200.0,200,99.714752
-181.0,181,99.765099
-200.0,200,99.826427
-187.0,187,99.880212
-200.0,200,99.936446
-199.0,199,99.99392
-200.0,200,100.059419
-200.0,200,100.114669
-178.0,178,100.168564
-200.0,200,100.223128
-200.0,200,100.284118
-98.0,98,100.311484
-138.0,138,100.348256
-178.0,178,100.398363
-200.0,200,100.461211
-200.0,200,100.516158
-158.0,158,100.561819
-200.0,200,100.620663
-200.0,200,100.677997
-200.0,200,100.736255
-200.0,200,100.791987
-200.0,200,100.85066
-200.0,200,100.913807
-200.0,200,100.973442
-200.0,200,101.028718
-200.0,200,101.087067
-199.0,199,101.145771
-181.0,181,101.199361
-104.0,104,101.22689
-176.0,176,101.277354
-179.0,179,101.330522
-118.0,118,101.366385
-200.0,200,101.425457
-91.0,91,101.453056
-200.0,200,101.511562
-200.0,200,101.571359
-167.0,167,101.617024
-158.0,158,101.662863
-184.0,184,101.723964
-98.0,98,101.751362
-176.0,176,101.801619
-200.0,200,101.856829
-200.0,200,101.917682
-200.0,200,101.973097
-200.0,200,102.031307
-200.0,200,102.086715
-178.0,178,102.139121
-161.0,161,102.184525
-128.0,128,102.220805
-200.0,200,102.279338
-200.0,200,102.337307
-157.0,157,102.382681
-113.0,113,102.414821
-200.0,200,102.474311
-200.0,200,102.537587
-200.0,200,102.596712
-158.0,158,102.642475
-114.0,114,102.674477
-200.0,200,102.732633
-152.0,152,102.77765
-121.0,121,102.810268
-200.0,200,102.874902
-126.0,126,102.915688
-151.0,151,102.95809
-118.0,118,102.993991
-123.0,123,103.027118
-138.0,138,103.070945
-200.0,200,103.126793
-159.0,159,103.172239
-200.0,200,103.231269
-200.0,200,103.293408
-196.0,196,103.351879
-167.0,167,103.398398
-157.0,157,103.44434
-151.0,151,103.488721
-114.0,114,103.520828
-152.0,152,103.565974
-100.0,100,103.593758
-128.0,128,103.632364
-148.0,148,103.674213
-200.0,200,103.732761
-121.0,121,103.765947
-144.0,144,103.809564
-142.0,142,103.850453
-174.0,174,103.90042
-163.0,163,103.947049
-129.0,129,103.990045
-128.0,128,104.026591
-167.0,167,104.076232
-164.0,164,104.122697
-111.0,111,104.156981
-200.0,200,104.215124
-200.0,200,104.270437
-94.0,94,104.297526
-118.0,118,104.336995
-109.0,109,104.369922
-116.0,116,104.402555
-164.0,164,104.452564
-200.0,200,104.515187
-200.0,200,104.574101
-183.0,183,104.625212
-169.0,169,104.676771
-163.0,163,104.72579
-200.0,200,104.781797
-139.0,139,104.822865
-116.0,116,104.855482
-157.0,157,104.904217
-123.0,123,104.941172
-200.0,200,104.996595
-120.0,120,105.033044
-174.0,174,105.08584
-126.0,126,105.122278
-156.0,156,105.163901
-144.0,144,105.20557
-177.0,177,105.26372
-118.0,118,105.299724
-200.0,200,105.355446
-148.0,148,105.397029
-129.0,129,105.441314
-129.0,129,105.478298
-118.0,118,105.511217
-118.0,118,105.543923
-175.0,175,105.596849
-122.0,122,105.633303
-143.0,143,105.674492
-136.0,136,105.712625
-117.0,117,105.751214
-109.0,109,105.779875
-161.0,161,105.830836
-128.0,128,105.867653
-200.0,200,105.93295
-197.0,197,105.991014
-123.0,123,106.033161
-199.0,199,106.090487
-200.0,200,106.152794
-168.0,168,106.199067
-200.0,200,106.258018
-200.0,200,106.313134
-165.0,165,106.365122
-170.0,170,106.412011
-181.0,181,106.466804
-114.0,114,106.498794
-132.0,132,106.53778
-171.0,171,106.587907
-164.0,164,106.633787
-156.0,156,106.679547
-159.0,159,106.727532
-173.0,173,106.777803
-200.0,200,106.833083
-162.0,162,106.878864
-163.0,163,106.928244
-200.0,200,106.987323
-200.0,200,107.042477
-200.0,200,107.101029
-200.0,200,107.159237
-128.0,128,107.195632
-200.0,200,107.254579
-167.0,167,107.302482
-166.0,166,107.354839
-197.0,197,107.409892
-186.0,186,107.464945
-174.0,174,107.511687
-162.0,162,107.563191
-159.0,159,107.608951
-156.0,156,107.650787
-190.0,190,107.705463
-120.0,120,107.746712
-163.0,163,107.792989
-178.0,178,107.843487
-170.0,170,107.893468
-196.0,196,107.951793
-141.0,141,107.992706
-168.0,168,108.039036
-170.0,170,108.088557
-160.0,160,108.136594
-151.0,151,108.178423
-158.0,158,108.223472
-170.0,170,108.273402
-200.0,200,108.331095
-165.0,165,108.38115
-162.0,162,108.427697
-170.0,170,108.474148
-200.0,200,108.535685
-200.0,200,108.590931
-167.0,167,108.640576
-171.0,171,108.687172
-176.0,176,108.741505
-200.0,200,108.80016
-181.0,181,108.850924
-200.0,200,108.910487
-200.0,200,108.973717
-200.0,200,109.033352
-200.0,200,109.089431
-166.0,166,109.139037
-144.0,144,109.183074
-165.0,165,109.230719
-200.0,200,109.290773
-200.0,200,109.359985
-170.0,170,109.419141
-170.0,170,109.471278
-200.0,200,109.534029
-200.0,200,109.591516
-161.0,161,109.643602
-161.0,161,109.690056
-200.0,200,109.751408
-161.0,161,109.799834
-158.0,158,109.849647
-180.0,180,109.902817
-200.0,200,109.960477
-200.0,200,110.020598
-192.0,192,110.07992
-200.0,200,110.138188
-200.0,200,110.200876
-200.0,200,110.261691
-200.0,200,110.325097
-200.0,200,110.381446
-200.0,200,110.441836
-200.0,200,110.49935
-200.0,200,110.567901
-184.0,184,110.621884
-200.0,200,110.683802
-200.0,200,110.740524
-200.0,200,110.803597
-200.0,200,110.86017
-200.0,200,110.92126
-200.0,200,110.97931
-200.0,200,111.043305
-200.0,200,111.101131
-200.0,200,111.16297
-200.0,200,111.221502
-200.0,200,111.285588
-200.0,200,111.34251
-200.0,200,111.403389
-200.0,200,111.459819
-200.0,200,111.522666
-200.0,200,111.579928
-200.0,200,111.642264
-200.0,200,111.700327
-200.0,200,111.769509
-163.0,163,111.817056
-200.0,200,111.877555
-200.0,200,111.935251
-194.0,194,111.996522
-200.0,200,112.055933
-192.0,192,112.11127
-200.0,200,112.166656
-200.0,200,112.22785
-156.0,156,112.273602
-200.0,200,112.329637
-200.0,200,112.388532
-200.0,200,112.447352
-200.0,200,112.507376
-200.0,200,112.562977
-159.0,159,112.608906
-200.0,200,112.666882
-153.0,153,112.712641
-142.0,142,112.753469
-200.0,200,112.809562
-200.0,200,112.870493
-200.0,200,112.926132
-179.0,179,112.980047
-200.0,200,113.03586
-169.0,169,113.088753
-200.0,200,113.14424
-185.0,185,113.199209
-200.0,200,113.257432
-183.0,183,113.318524
-154.0,154,113.360926
-200.0,200,113.420639
-200.0,200,113.483078
-200.0,200,113.545737
-140.0,140,113.586959
-200.0,200,113.64299
-200.0,200,113.702703
-200.0,200,113.761006
-200.0,200,113.820725
-196.0,196,113.87631
-200.0,200,113.932827
-196.0,196,113.994117
-200.0,200,114.049968
-200.0,200,114.109262
-200.0,200,114.165009
-200.0,200,114.227208
-200.0,200,114.282671
-200.0,200,114.341499
-200.0,200,114.396891
-200.0,200,114.45965
-200.0,200,114.515346
-200.0,200,114.575472
-200.0,200,114.631197
-200.0,200,114.694618
-200.0,200,114.750815
-200.0,200,114.810617
-200.0,200,114.871034
-200.0,200,114.934111
-200.0,200,114.989924
-200.0,200,115.049164
-200.0,200,115.104906
-200.0,200,115.16657
-200.0,200,115.222857
-200.0,200,115.28233
-200.0,200,115.338364
-200.0,200,115.399618
-200.0,200,115.456548
-200.0,200,115.517685
-200.0,200,115.576421
-200.0,200,115.640944
-200.0,200,115.698497
-200.0,200,115.758792
-200.0,200,115.814664
-200.0,200,115.877277
-200.0,200,115.933832
-200.0,200,115.993785
-200.0,200,116.049709
-200.0,200,116.113081
-200.0,200,116.172054
-200.0,200,116.232187
-200.0,200,116.292801
-200.0,200,116.355372
-200.0,200,116.411431
-200.0,200,116.471194
-200.0,200,116.527032
-200.0,200,116.589456
-200.0,200,116.645389
-200.0,200,116.705306
-200.0,200,116.761125
-200.0,200,116.823239
-200.0,200,116.879304
-200.0,200,116.940057
-200.0,200,116.996329
-200.0,200,117.05876
-200.0,200,117.114803
-200.0,200,117.174113
-200.0,200,117.230002
-200.0,200,117.29199
-200.0,200,117.347841
-200.0,200,117.407702
-200.0,200,117.464135
-200.0,200,117.5264
-200.0,200,117.582699
-200.0,200,117.644362
-200.0,200,117.704506
-200.0,200,117.767659
-200.0,200,117.824273
-200.0,200,117.884266
-200.0,200,117.941705
-200.0,200,118.003634
-195.0,195,118.059533
-200.0,200,118.115727
-121.0,121,118.152049
-197.0,197,118.210078
-200.0,200,118.269568
-200.0,200,118.325732
-200.0,200,118.385258
-200.0,200,118.443847
-200.0,200,118.504216
-200.0,200,118.559712
-200.0,200,118.618988
-200.0,200,118.677461
-200.0,200,118.73662
-200.0,200,118.792825
-200.0,200,118.851545
-200.0,200,118.910318
-200.0,200,118.970277
-200.0,200,119.025912
-200.0,200,119.085241
-200.0,200,119.148709
-200.0,200,119.20882
-200.0,200,119.265054
-200.0,200,119.325373
-200.0,200,119.384168
-200.0,200,119.444015
-200.0,200,119.500198
-200.0,200,119.559485
-200.0,200,119.618205
-200.0,200,119.678506
-200.0,200,119.743059
-200.0,200,119.804563
-200.0,200,119.863351
-200.0,200,119.924259
-200.0,200,119.981025
-200.0,200,120.039894
-200.0,200,120.098516
-200.0,200,120.158035
-200.0,200,120.217195
-200.0,200,120.281393
-200.0,200,120.342232
-200.0,200,120.402567
-121.0,121,120.437103
-200.0,200,120.497554
-173.0,173,120.550646
-200.0,200,120.612443
-176.0,176,120.663273
-200.0,200,120.719699
-200.0,200,120.781603
-151.0,151,120.82391
-200.0,200,120.883832
-190.0,190,120.939749
-200.0,200,121.000989
-148.0,148,121.046905
-147.0,147,121.088696
-200.0,200,121.144661
-200.0,200,121.207586
-200.0,200,121.263782
-200.0,200,121.323924
-200.0,200,121.379428
-200.0,200,121.442285
-200.0,200,121.498513
-161.0,161,121.544919
-200.0,200,121.604295
-200.0,200,121.662334
-200.0,200,121.725741
-200.0,200,121.781271
-200.0,200,121.840267
-200.0,200,121.901273
-200.0,200,121.961061
-200.0,200,122.017064
-200.0,200,122.076647
-200.0,200,122.136709
-200.0,200,122.195536
-200.0,200,122.25166
-200.0,200,122.311964
-200.0,200,122.370805
-200.0,200,122.430472
-165.0,165,122.477086
-200.0,200,122.536413
-200.0,200,122.594913
-200.0,200,122.654329
-200.0,200,122.70999
-200.0,200,122.769101
-200.0,200,122.827409
-200.0,200,122.886579
-200.0,200,122.943382
-200.0,200,123.00235
-200.0,200,123.060132
-200.0,200,123.119157
-200.0,200,123.174477
-200.0,200,123.233192
-200.0,200,123.294115
-200.0,200,123.353065
-200.0,200,123.40851
-200.0,200,123.468255
-200.0,200,123.526103
-200.0,200,123.586677
-200.0,200,123.64248
-200.0,200,123.702248
-200.0,200,123.760348
-200.0,200,123.819648
-200.0,200,123.875337
-200.0,200,123.934655
-200.0,200,123.992949
-200.0,200,124.052434
-200.0,200,124.108091
-200.0,200,124.167419
-200.0,200,124.224803
-200.0,200,124.283732
-167.0,167,124.330569
-200.0,200,124.389302
-200.0,200,124.447438
-200.0,200,124.506298
-200.0,200,124.562371
-200.0,200,124.621218
-200.0,200,124.682852
-200.0,200,124.741968
-200.0,200,124.797315
-200.0,200,124.856013
-200.0,200,124.914408
-200.0,200,124.974326
-200.0,200,125.031535
-200.0,200,125.092447
-93.0,93,125.118353
-200.0,200,125.177767
-178.0,178,125.227474
-200.0,200,125.282719
-200.0,200,125.343822
-200.0,200,125.399458
-200.0,200,125.4591
-200.0,200,125.514222
-200.0,200,125.576265
-200.0,200,125.63152
-200.0,200,125.690209
-200.0,200,125.746486
-186.0,186,125.806666
-200.0,200,125.865709
-200.0,200,125.921949
-200.0,200,125.981702
-200.0,200,126.040182
-200.0,200,126.099282
-200.0,200,126.155009
-200.0,200,126.213734
-193.0,193,126.271431
-200.0,200,126.326709
-200.0,200,126.386166
-200.0,200,126.441816
-200.0,200,126.504878
-200.0,200,126.559941
-200.0,200,126.619164
-200.0,200,126.676173
-200.0,200,126.738436
-200.0,200,126.79363
-188.0,188,126.848453
-200.0,200,126.903876
-200.0,200,126.971219
-200.0,200,127.026767
-200.0,200,127.086252
-200.0,200,127.141768
-200.0,200,127.203812
-200.0,200,127.259301
-200.0,200,127.318776
-168.0,168,127.365107
-200.0,200,127.4266
-200.0,200,127.482318
-200.0,200,127.541621
-200.0,200,127.597151
-200.0,200,127.659038
-200.0,200,127.714289
-200.0,200,127.773397
-200.0,200,127.828366
-200.0,200,127.889886
-126.0,126,127.928718
-200.0,200,127.985068
-200.0,200,128.04442
-200.0,200,128.106372
-200.0,200,128.166006
-200.0,200,128.222067
-200.0,200,128.280872
-200.0,200,128.339219
-200.0,200,128.398015
-200.0,200,128.45449
-200.0,200,128.513862
-200.0,200,128.571964
-200.0,200,128.63097
-200.0,200,128.687004
-200.0,200,128.74565
-200.0,200,128.803471
-200.0,200,128.862589
-200.0,200,128.918271
-200.0,200,128.97787
-156.0,156,129.025936
-200.0,200,129.081296
-200.0,200,129.140322
-200.0,200,129.195706
-200.0,200,129.257174
-200.0,200,129.31279
-200.0,200,129.373815
-200.0,200,129.434453
-200.0,200,129.497293
-200.0,200,129.553447
-200.0,200,129.612659
-200.0,200,129.667723
-200.0,200,129.729436
-200.0,200,129.784618
-200.0,200,129.843314
-200.0,200,129.898785
-200.0,200,129.961077
-200.0,200,130.016671
-200.0,200,130.076786
-200.0,200,130.132289
-200.0,200,130.193957
-200.0,200,130.249637
-200.0,200,130.308777
-200.0,200,130.363738
-200.0,200,130.425559
-200.0,200,130.481217
-200.0,200,130.540763
-200.0,200,130.596038
-200.0,200,130.660248
-200.0,200,130.715826
-200.0,200,130.774778
-200.0,200,130.83188
-200.0,200,130.893034
-200.0,200,130.954286
-200.0,200,131.014228
-200.0,200,131.06991
-200.0,200,131.132241
-200.0,200,131.186944
-200.0,200,131.246063
-200.0,200,131.301383
-200.0,200,131.363065
-200.0,200,131.418473
-200.0,200,131.478257
-200.0,200,131.533776
-200.0,200,131.595625
-200.0,200,131.65184
-200.0,200,131.710576
-200.0,200,131.765462
-200.0,200,131.82678
-200.0,200,131.882018
-200.0,200,131.941615
-200.0,200,131.996956
-200.0,200,132.061284
-200.0,200,132.116992
-200.0,200,132.175778
-200.0,200,132.231062
-200.0,200,132.293902
-200.0,200,132.349467
-200.0,200,132.408519
-200.0,200,132.466006
-200.0,200,132.528266
-200.0,200,132.583869
-200.0,200,132.642694
-200.0,200,132.69887
-200.0,200,132.761691
-200.0,200,132.819508
-200.0,200,132.883323
-200.0,200,132.940257
-200.0,200,133.002475
-200.0,200,133.058235
-200.0,200,133.117595
-200.0,200,133.175871
-200.0,200,133.244462
-200.0,200,133.30388
-200.0,200,133.367721
-200.0,200,133.428963
-200.0,200,133.49908
-200.0,200,133.560353
-200.0,200,133.627338
-200.0,200,133.68822
-200.0,200,133.755688
-200.0,200,133.819467
-117.0,117,133.853837
-200.0,200,133.916623
-200.0,200,133.978916
-200.0,200,134.043334
-200.0,200,134.106615
-200.0,200,134.175389
-200.0,200,134.238148
-200.0,200,134.302478
-200.0,200,134.362398
-200.0,200,134.423355
-200.0,200,134.485774
-135.0,135,134.527704
-200.0,200,134.584867
-175.0,175,134.637432
-200.0,200,134.704468
-200.0,200,134.76594
-200.0,200,134.826821
-200.0,200,134.883436
-200.0,200,134.948376
-200.0,200,135.00499
-200.0,200,135.064942
-200.0,200,135.121006
-200.0,200,135.183975
-200.0,200,135.239907
-200.0,200,135.299515
-200.0,200,135.357488
-200.0,200,135.419244
-200.0,200,135.47597
-200.0,200,135.535555
-198.0,198,135.591561
-200.0,200,135.655753
-200.0,200,135.722321
-190.0,190,135.810152
-195.0,195,135.886152
-200.0,200,135.968466
-200.0,200,136.02834
-129.0,129,136.06737
-200.0,200,136.129536
-200.0,200,136.191291
-200.0,200,136.253501
-200.0,200,136.312342
-182.0,182,136.369425
-200.0,200,136.438239
-188.0,188,136.498642
-200.0,200,136.564274
-200.0,200,136.628746
-200.0,200,136.695462
-200.0,200,136.76041
-200.0,200,136.825424
-200.0,200,136.890843
-200.0,200,136.952639
-200.0,200,137.016725
-200.0,200,137.075474
-200.0,200,137.138089
-200.0,200,137.20014
-200.0,200,137.267548
-170.0,170,137.318741
-200.0,200,137.381136
-200.0,200,137.442376
-179.0,179,137.49996
-200.0,200,137.557692
-200.0,200,137.619609
-200.0,200,137.679678
-200.0,200,137.741085
-200.0,200,137.798369
-200.0,200,137.857798
-200.0,200,137.916398
-200.0,200,137.978339
-172.0,172,138.036411
-200.0,200,138.097617
-200.0,200,138.160546
-165.0,165,138.212129
-200.0,200,138.272741
-200.0,200,138.344003
-196.0,196,138.404978
-200.0,200,138.462765
-200.0,200,138.527473
-200.0,200,138.588558
-200.0,200,138.651768
-186.0,186,138.706874
-133.0,133,138.744629
-200.0,200,138.800058
-155.0,155,138.848561
-200.0,200,138.909589
-200.0,200,138.966985
-139.0,139,139.00857
-200.0,200,139.082131
-200.0,200,139.147115
-200.0,200,139.204664
-200.0,200,139.266151
-200.0,200,139.325869
-155.0,155,139.372434
-200.0,200,139.435352
-200.0,200,139.499077
-200.0,200,139.560016
-144.0,144,139.602145
-200.0,200,139.662211
-200.0,200,139.718055
-200.0,200,139.783615
-200.0,200,139.875794
-200.0,200,139.959619
-200.0,200,140.028022
-198.0,198,140.096361
-200.0,200,140.160097
-200.0,200,140.2252
-200.0,200,140.285008
-200.0,200,140.3493
-200.0,200,140.408112
-200.0,200,140.475041
-200.0,200,140.541782
-200.0,200,140.61586
-200.0,200,140.675466
-200.0,200,140.738236
-163.0,163,140.786649
-200.0,200,140.878007
-200.0,200,140.942394
-200.0,200,141.00927
-200.0,200,141.071367
-142.0,142,141.12039
-200.0,200,141.184422
-198.0,198,141.25001
-200.0,200,141.310013
-200.0,200,141.379855
-200.0,200,141.445101
-200.0,200,141.5124
-197.0,197,141.577201
-200.0,200,141.64513
-134.0,134,141.688154
-200.0,200,141.750908
-200.0,200,141.817981
-144.0,144,141.864585
-148.0,148,141.908637
-200.0,200,141.972375
-200.0,200,142.031596
-200.0,200,142.094467
-200.0,200,142.15107
-200.0,200,142.210832
-176.0,176,142.261899
-200.0,200,142.324703
-200.0,200,142.384577
-200.0,200,142.441227
-200.0,200,142.500948
-200.0,200,142.559589
-179.0,179,142.61076
-182.0,182,142.666082
-200.0,200,142.721804
-200.0,200,142.78403
-144.0,144,142.825353
-200.0,200,142.880868
-200.0,200,142.944909
-200.0,200,143.007098
-200.0,200,143.069956
-200.0,200,143.128001
-200.0,200,143.18745
-200.0,200,143.245859
-200.0,200,143.307489
-200.0,200,143.363122
-200.0,200,143.423749
-200.0,200,143.487249
-200.0,200,143.546692
-200.0,200,143.602588
-165.0,165,143.652948
-200.0,200,143.712918
-200.0,200,143.772016
-200.0,200,143.827911
-200.0,200,143.886673
-184.0,184,143.940708
-200.0,200,143.999992
-184.0,184,144.051232
-200.0,200,144.110709
-200.0,200,144.169779
-200.0,200,144.228552
-200.0,200,144.284539
-200.0,200,144.343756
-200.0,200,144.401646
-180.0,180,144.453476
-128.0,128,144.490241
-200.0,200,144.549813
-200.0,200,144.608563
-200.0,200,144.668422
-200.0,200,144.724371
-200.0,200,144.797049
-200.0,200,144.855376
-166.0,166,144.905917
-200.0,200,144.962768
-139.0,139,145.007618
-200.0,200,145.06816
-200.0,200,145.128643
-200.0,200,145.185563
-200.0,200,145.245175
-200.0,200,145.303671
-200.0,200,145.363473
-200.0,200,145.42
-200.0,200,145.479693
-200.0,200,145.538461
-200.0,200,145.598473
-200.0,200,145.654437
-200.0,200,145.714017
-200.0,200,145.772787
-200.0,200,145.832574
-200.0,200,145.88885
-200.0,200,145.949054
-200.0,200,146.011425
-200.0,200,146.070751
-200.0,200,146.126577
-200.0,200,146.18589
-200.0,200,146.246872
-200.0,200,146.306653
-200.0,200,146.362782
-200.0,200,146.424209
-200.0,200,146.483152
-94.0,94,146.511177
-200.0,200,146.570604
-200.0,200,146.627031
-200.0,200,146.688927
-200.0,200,146.744671
-118.0,118,146.781382
-200.0,200,146.838637
-200.0,200,146.904755
-197.0,197,146.962184
-200.0,200,147.018753
-194.0,194,147.078151
-200.0,200,147.136721
-200.0,200,147.19654
-183.0,183,147.248519
-200.0,200,147.308622
-200.0,200,147.368025
-200.0,200,147.429198
-170.0,170,147.477011
-166.0,166,147.526927
-200.0,200,147.58592
-117.0,117,147.618539
-151.0,151,147.664143
-149.0,149,147.708434
-168.0,168,147.76174
-144.0,144,147.803843
-200.0,200,147.860793
-123.0,123,147.898068
-122.0,122,147.934284
-200.0,200,147.994597
-200.0,200,148.051585
-200.0,200,148.111849
-200.0,200,148.175551
-200.0,200,148.238451
-128.0,128,148.278758
-200.0,200,148.337543
-200.0,200,148.400803
-200.0,200,148.458172
-187.0,187,148.513746
-188.0,188,148.569862
-94.0,94,148.599863
-192.0,192,148.661514
-193.0,193,148.717645
-180.0,180,148.769694
-200.0,200,148.831853
-186.0,186,148.883443
-121.0,121,148.920262
-170.0,170,148.968434
-200.0,200,149.031493
-172.0,172,149.082737
-200.0,200,149.138865
-200.0,200,149.19916
-191.0,191,149.258847
-187.0,187,149.310732
-158.0,158,149.357428
-200.0,200,149.417873
-185.0,185,149.473224
-200.0,200,149.53333
-135.0,135,149.571643
-114.0,114,149.604321
-190.0,190,149.669521
-200.0,200,149.730792
-131.0,131,149.773213
-159.0,159,149.820547
-200.0,200,149.883346
-136.0,136,149.926223
-101.0,101,149.955024
-200.0,200,150.014945
-163.0,163,150.064678
-180.0,180,150.116075
-192.0,192,150.172056
-133.0,133,150.208856
-200.0,200,150.272422
-115.0,115,150.3069
-195.0,195,150.366169
-128.0,128,150.403798
-169.0,169,150.458104
-149.0,149,150.500289
-200.0,200,150.560664
-200.0,200,150.616928
-200.0,200,150.679107
-200.0,200,150.736518
-149.0,149,150.7793
-200.0,200,150.839439
-200.0,200,150.902085
-193.0,193,150.958912
-200.0,200,151.019204
-200.0,200,151.07562
-200.0,200,151.138123
-200.0,200,151.194244
-200.0,200,151.25446
-200.0,200,151.310174
-200.0,200,151.372935
-200.0,200,151.430075
-200.0,200,151.491035
-158.0,158,151.53735
-164.0,164,151.587303
-200.0,200,151.647566
-200.0,200,151.705014
-200.0,200,151.764637
-200.0,200,151.823293
-200.0,200,151.88342
-200.0,200,151.940352
-200.0,200,151.999995
-200.0,200,152.058299
-198.0,198,152.114193
-191.0,191,152.169542
-200.0,200,152.23515
-167.0,167,152.284721
-200.0,200,152.344378
-200.0,200,152.40128
-200.0,200,152.461559
-200.0,200,152.520481
-172.0,172,152.572024
-194.0,194,152.628119
-200.0,200,152.687881
-181.0,181,152.742009
-156.0,156,152.788683
-165.0,165,152.835027
-88.0,88,152.86239
-180.0,180,152.916001
-198.0,198,152.972736
-178.0,178,153.023745
-171.0,171,153.074477
-167.0,167,153.12454
-193.0,193,153.1806
-180.0,180,153.236107
-174.0,174,153.287186
-200.0,200,153.348263
-200.0,200,153.407516
-174.0,174,153.455746
-166.0,166,153.505605
-200.0,200,153.564111
-200.0,200,153.623638
-200.0,200,153.681313
-200.0,200,153.741959
-190.0,190,153.799932
-159.0,159,153.84621
-200.0,200,153.902551
-157.0,157,153.949309
-200.0,200,154.007954
-178.0,178,154.062349
-200.0,200,154.11844
-90.0,90,154.145975
-200.0,200,154.204104
-179.0,179,154.25506
-200.0,200,154.314167
-200.0,200,154.370339
-200.0,200,154.435904
-176.0,176,154.487015
-199.0,199,154.543067
-170.0,170,154.593371
-173.0,173,154.646181
-101.0,101,154.674416
-173.0,173,154.724761
-177.0,177,154.775302
-164.0,164,154.824068
-164.0,164,154.871118
-162.0,162,154.921305
-200.0,200,154.977554
-200.0,200,155.039855
-170.0,170,155.086388
-178.0,178,155.138978
-163.0,163,155.188935
-154.0,154,155.234189
-200.0,200,155.293527
-170.0,170,155.340336
-91.0,91,155.367809
-200.0,200,155.426989
-200.0,200,155.487035
-168.0,168,155.535974
-152.0,152,155.582804
-167.0,167,155.63567
-171.0,171,155.687323
-167.0,167,155.738579
-177.0,177,155.790061
-169.0,169,155.839602
-162.0,162,155.885721
-179.0,179,155.937521
-185.0,185,155.992395
-161.0,161,156.041877
-159.0,159,156.087893
-163.0,163,156.134139
-166.0,166,156.184205
-162.0,162,156.233669
-176.0,176,156.28512
-162.0,162,156.331022
-146.0,146,156.372739
-168.0,168,156.422046
-94.0,94,156.450408
-180.0,180,156.504411
-159.0,159,156.55054
-147.0,147,156.594289
-159.0,159,156.642361
-167.0,167,156.68882
-153.0,153,156.734695
-146.0,146,156.7817
-152.0,152,156.824371
-158.0,158,156.870445
-186.0,186,156.92534
-157.0,157,156.974016
-157.0,157,157.016095
-157.0,157,157.061628
-155.0,155,157.107067
-152.0,152,157.151374
-184.0,184,157.205867
-161.0,161,157.251911
-128.0,128,157.29005
-178.0,178,157.345812
-159.0,159,157.393068
-199.0,199,157.45119
-139.0,139,157.49321
-151.0,151,157.541465
-146.0,146,157.582838
-86.0,86,157.606307
-200.0,200,157.667819
-200.0,200,157.728355
-148.0,148,157.771793
-144.0,144,157.814465
-200.0,200,157.876519
-161.0,161,157.931548
-94.0,94,157.967909
-160.0,160,158.019864
-145.0,145,158.065432
-171.0,171,158.120261
-167.0,167,158.170636
-194.0,194,158.227465
-158.0,158,158.274775
-151.0,151,158.319059
-148.0,148,158.368084
-141.0,141,158.409073
-200.0,200,158.474507
-156.0,156,158.528249
-200.0,200,158.587274
-145.0,145,158.632786
-200.0,200,158.699904
-148.0,148,158.745705
-84.0,84,158.770294
-150.0,150,158.817326
-200.0,200,158.877854
-147.0,147,158.92599
-200.0,200,158.990842
-142.0,142,159.036411
-200.0,200,159.094872
-146.0,146,159.143173
-146.0,146,159.186186
-145.0,145,159.232166
-152.0,152,159.275405
-200.0,200,159.338082
-149.0,149,159.381388
-145.0,145,159.424582
-163.0,163,159.47335
-150.0,150,159.519345
-145.0,145,159.566795
-149.0,149,159.609512
-146.0,146,159.651369
-149.0,149,159.699074
-145.0,145,159.74245
-147.0,147,159.792264
-147.0,147,159.841149
-200.0,200,159.904924
-151.0,151,159.955063
-144.0,144,160.009822
-200.0,200,160.080617
-142.0,142,160.129604
-142.0,142,160.173094
-142.0,142,160.216807
-143.0,143,160.261103
-200.0,200,160.322804
-146.0,146,160.365917
-200.0,200,160.426901
-129.0,129,160.464025
-200.0,200,160.522523
-151.0,151,160.568487
-150.0,150,160.610558
-199.0,199,160.670153
-200.0,200,160.728478
-173.0,173,160.778831
-200.0,200,160.834203
-149.0,149,160.880271
-200.0,200,160.938672
-156.0,156,160.984362
-200.0,200,161.043415
-200.0,200,161.099004
-200.0,200,161.161192
-186.0,186,161.214729
-144.0,144,161.256332
-200.0,200,161.315672
-200.0,200,161.378465
-200.0,200,161.438468
-200.0,200,161.494705
-182.0,182,161.549094
-200.0,200,161.60833
-200.0,200,161.670807
-145.0,145,161.713743
-146.0,146,161.755725
-144.0,144,161.799221
-148.0,148,161.841099
-190.0,190,161.89609
-200.0,200,161.952888
-200.0,200,162.018185
-195.0,195,162.073641
-200.0,200,162.133565
-200.0,200,162.189225
-200.0,200,162.250643
-200.0,200,162.305918
-200.0,200,162.364928
-200.0,200,162.420601
-200.0,200,162.483269
-200.0,200,162.539131
-142.0,142,162.580696
-159.0,159,162.626583
-200.0,200,162.686565
-200.0,200,162.745949
-153.0,153,162.788058
-200.0,200,162.848355
-200.0,200,162.907181
-200.0,200,162.969927
-200.0,200,163.028555
-200.0,200,163.088398
-148.0,148,163.136084
-200.0,200,163.196471
-179.0,179,163.247506
-200.0,200,163.303478
-200.0,200,163.365572
-200.0,200,163.4214
-141.0,141,163.463334
-146.0,146,163.505132
-200.0,200,163.567067
-177.0,177,163.617892
-155.0,155,163.663655
-200.0,200,163.7198
-151.0,151,163.763884
-200.0,200,163.823621
-177.0,177,163.874785
-153.0,153,163.920728
-200.0,200,163.979742
-200.0,200,164.039507
-200.0,200,164.095006
-200.0,200,164.156066
-146.0,146,164.199803
-165.0,165,164.246438
-165.0,165,164.294877
-200.0,200,164.36065
-156.0,156,164.417583
-159.0,159,164.466222
-175.0,175,164.516364
-192.0,192,164.573635
-200.0,200,164.637135
-164.0,164,164.684955
-200.0,200,164.745143
-200.0,200,164.802085
-200.0,200,164.864629
-200.0,200,164.921058
-162.0,162,164.968928
-200.0,200,165.028795
-200.0,200,165.087456
-200.0,200,165.147371
-200.0,200,165.203027
-200.0,200,165.262229
-138.0,138,165.302311
-139.0,139,165.343319
-159.0,159,165.388705
-200.0,200,165.448346
-182.0,182,165.501876
-189.0,189,165.557039
-161.0,161,165.603212
-191.0,191,165.660141
-165.0,165,165.714772
-180.0,180,165.775144
-200.0,200,165.834887
-200.0,200,165.89082
-200.0,200,165.953746
-200.0,200,166.009489
-144.0,144,166.051213
-200.0,200,166.110188
-200.0,200,166.173056
-200.0,200,166.232586
-200.0,200,166.288631
-149.0,149,166.333636
-180.0,180,166.38741
-139.0,139,166.428566
-172.0,172,166.475248
-161.0,161,166.521491
-144.0,144,166.565797
-169.0,169,166.615917
-200.0,200,166.671574
-161.0,161,166.721461
-181.0,181,166.774937
-173.0,173,166.825015
-168.0,168,166.871721
-173.0,173,166.92236
-179.0,179,166.976186
-175.0,175,167.026928
-185.0,185,167.081847
-147.0,147,167.123322
-164.0,164,167.174077
-126.0,126,167.210871
-121.0,121,167.24726
-171.0,171,167.294341
-122.0,122,167.336518
-180.0,180,167.387911
-114.0,114,167.420484
-200.0,200,167.481059
-161.0,161,167.530146
-200.0,200,167.586118
-114.0,114,167.618461
-149.0,149,167.664074
-128.0,128,167.703074
-200.0,200,167.758379
-111.0,111,167.79067
-124.0,124,167.827172
-109.0,109,167.861767
-117.0,117,167.894506
-146.0,146,167.936634
-119.0,119,167.973016
-141.0,141,168.013299
-200.0,200,168.073392
-117.0,117,168.106133
-200.0,200,168.165524
-123.0,123,168.201338
-113.0,113,168.233982
-200.0,200,168.292672
-163.0,163,168.339089
-200.0,200,168.404773
-154.0,154,168.447415
-200.0,200,168.50748
-200.0,200,168.563237
-158.0,158,168.613242
-200.0,200,168.672743
-200.0,200,168.728445
-198.0,198,168.789489
-153.0,153,168.834597
-200.0,200,168.894832
-148.0,148,168.937328
-200.0,200,168.993305
-145.0,145,169.037658
-94.0,94,169.065417
-200.0,200,169.124329
-200.0,200,169.180732
-118.0,118,169.219587
-200.0,200,169.274939
-200.0,200,169.333696
-138.0,138,169.371197
-143.0,143,169.418898
-162.0,162,169.465636
-150.0,150,169.511147
-140.0,140,169.549106
-200.0,200,169.610938
-170.0,170,169.661068
-128.0,128,169.69772
-142.0,142,169.736254
-175.0,175,169.789378
-200.0,200,169.848709
-200.0,200,169.905109
-200.0,200,169.964696
-200.0,200,170.023414
-200.0,200,170.084843
-148.0,148,170.126344
-200.0,200,170.186075
-137.0,137,170.226514
-138.0,138,170.268011
-200.0,200,170.323152
-138.0,138,170.36384
-200.0,200,170.427312
-117.0,117,170.464175
-121.0,121,170.496892
-200.0,200,170.556421
-125.0,125,170.595887
-133.0,133,170.633285
-133.0,133,170.670485
-176.0,176,170.721349
-200.0,200,170.782906
-146.0,146,170.824125
-173.0,173,170.874376
-200.0,200,170.930469
-136.0,136,170.974277
-129.0,129,171.01161
-131.0,131,171.04849
-200.0,200,171.10414
-200.0,200,171.167372
-119.0,119,171.200034
-193.0,193,171.255082
-139.0,139,171.295714
-125.0,125,171.335515
-115.0,115,171.367996
-189.0,189,171.423513
-131.0,131,171.460929
-136.0,136,171.507823
-134.0,134,171.547495
-126.0,126,171.584536
-113.0,113,171.617325
-121.0,121,171.656228
-100.0,100,171.684681
-200.0,200,171.740506
-175.0,175,171.790826
-200.0,200,171.853031
-112.0,112,171.885267
-140.0,140,171.923275
-129.0,129,171.964128
-115.0,115,171.998836
-120.0,120,172.032323
-129.0,129,172.069237
-122.0,122,172.105454
-126.0,126,172.144524
-200.0,200,172.200411
-153.0,153,172.246055
-120.0,120,172.278996
-116.0,116,172.317399
-200.0,200,172.377081
-134.0,134,172.414378
-200.0,200,172.474422
-117.0,117,172.512679
-200.0,200,172.572845
-130.0,130,172.609279
-147.0,147,172.650859
-200.0,200,172.712814
-110.0,110,172.741493
-188.0,188,172.796338
-121.0,121,172.832996
-200.0,200,172.891045
-125.0,125,172.92873
-200.0,200,172.987982
-129.0,129,173.026653
-200.0,200,173.085248
-200.0,200,173.144896
-200.0,200,173.200743
-133.0,133,173.237865
-190.0,190,173.295501
-161.0,161,173.341902
-200.0,200,173.400782
-200.0,200,173.457199
-194.0,194,173.518786
-186.0,186,173.570093
-200.0,200,173.62975
-176.0,176,173.6801
-168.0,168,173.732511
-199.0,199,173.792184
-198.0,198,173.847779
-159.0,159,173.893926
-121.0,121,173.929794
-175.0,175,173.980981
-191.0,191,174.036323
-108.0,108,174.070817
-138.0,138,174.116911
-156.0,156,174.160456
-155.0,155,174.206011
-141.0,141,174.247639
-139.0,139,174.291605
-187.0,187,174.343508
-175.0,175,174.393958
-121.0,121,174.431201
-139.0,139,174.476002
