#{"t_start": 1760174605.785933, "env_id": "MountainCar-v0"}
r,l,t
-200.0,200,0.014474
-200.0,200,0.021189
-200.0,200,0.027355
-200.0,200,0.033291
-200.0,200,0.039451
-200.0,200,0.092152
-200.0,200,0.14315
-200.0,200,0.189229
-200.0,200,0.241616
-200.0,200,0.288672
-200.0,200,0.339917
-200.0,200,0.387649
-200.0,200,0.440606
-200.0,200,0.487592
-200.0,200,0.537282
-200.0,200,0.584032
-200.0,200,0.636226
-200.0,200,0.683099
-200.0,200,0.732765
-200.0,200,0.779266
-200.0,200,0.830857
-200.0,200,0.876906
-200.0,200,0.926088
-200.0,200,0.972156
-200.0,200,1.023594
-200.0,200,1.072355
-200.0,200,1.124481
-200.0,200,1.174439
-200.0,200,1.227733
-200.0,200,1.274631
-200.0,200,1.32727
-200.0,200,1.376988
-200.0,200,1.432445
-200.0,200,1.479067
-200.0,200,1.52941
-200.0,200,1.576169
-200.0,200,1.628429
-200.0,200,1.675757
-200.0,200,1.726965
-200.0,200,1.776233
-200.0,200,1.829776
-200.0,200,1.877767
-200.0,200,1.930177
-200.0,200,1.977512
-200.0,200,2.030268
-200.0,200,2.080735
-200.0,200,2.133043
-200.0,200,2.180707
-200.0,200,2.233075
-200.0,200,2.280377
-200.0,200,2.332673
-200.0,200,2.383748
-200.0,200,2.438058
-200.0,200,2.485183
-200.0,200,2.537244
-200.0,200,2.584743
-200.0,200,2.636297
-200.0,200,2.683161
-200.0,200,2.733937
-200.0,200,2.782671
-200.0,200,2.836972
-200.0,200,2.885547
-200.0,200,2.937684
-200.0,200,2.984763
-200.0,200,3.037333
-200.0,200,3.083272
-200.0,200,3.133726
-200.0,200,3.181043
-200.0,200,3.23385
-200.0,200,3.28186
-200.0,200,3.332513
-200.0,200,3.378881
-200.0,200,3.431188
-200.0,200,3.477399
-200.0,200,3.526982
-200.0,200,3.575258
-200.0,200,3.626344
-200.0,200,3.67308
-200.0,200,3.723981
-200.0,200,3.771718
-200.0,200,3.824074
-200.0,200,3.872593
-200.0,200,3.923431
-200.0,200,3.974999
-200.0,200,4.028397
-200.0,200,4.076105
-200.0,200,4.128168
-200.0,200,4.176664
-200.0,200,4.2304
-200.0,200,4.277385
-200.0,200,4.328107
-200.0,200,4.376814
-200.0,200,4.428928
-200.0,200,4.475979
-200.0,200,4.526847
-200.0,200,4.573853
-200.0,200,4.626488
-200.0,200,4.673321
-200.0,200,4.723405
-200.0,200,4.770877
-200.0,200,4.826084
-200.0,200,4.873221
-200.0,200,4.923866
-200.0,200,4.970802
-200.0,200,5.022985
-200.0,200,5.070545
-200.0,200,5.121105
-200.0,200,5.167847
-200.0,200,5.22033
-200.0,200,5.267112
-200.0,200,5.317423
-200.0,200,5.365104
-200.0,200,5.417413
-200.0,200,5.463896
-200.0,200,5.51468
-200.0,200,5.561968
-200.0,200,5.61346
-200.0,200,5.660761
-200.0,200,5.711227
-200.0,200,5.758344
-200.0,200,5.810313
-200.0,200,5.857725
-200.0,200,5.908635
-200.0,200,5.956315
-200.0,200,6.00851
-200.0,200,6.057176
-200.0,200,6.108068
-200.0,200,6.155377
-200.0,200,6.207728
-200.0,200,6.255163
-200.0,200,6.306253
-200.0,200,6.353227
-200.0,200,6.406023
-200.0,200,6.453357
-200.0,200,6.504409
-200.0,200,6.55193
-200.0,200,6.604177
-200.0,200,6.651313
-200.0,200,6.702032
-200.0,200,6.749911
-200.0,200,6.802365
-200.0,200,6.850278
-200.0,200,6.900978
-200.0,200,6.948483
-200.0,200,7.000692
-200.0,200,7.048077
-200.0,200,7.099718
-200.0,200,7.147343
-200.0,200,7.199854
-200.0,200,7.247489
-200.0,200,7.300318
-200.0,200,7.347609
-200.0,200,7.400133
-200.0,200,7.447934
-200.0,200,7.498858
-200.0,200,7.546466
-200.0,200,7.599754
-200.0,200,7.647673
-200.0,200,7.698741
-200.0,200,7.746487
-200.0,200,7.80029
-200.0,200,7.849324
-200.0,200,7.901917
-200.0,200,7.950375
-200.0,200,8.004417
-200.0,200,8.053682
-200.0,200,8.106224
-200.0,200,8.155497
-200.0,200,8.209246
-200.0,200,8.257581
-200.0,200,8.309092
-200.0,200,8.35787
-200.0,200,8.41253
-200.0,200,8.461393
-200.0,200,8.514504
-200.0,200,8.565198
-200.0,200,8.618888
-200.0,200,8.668115
-200.0,200,8.720494
-200.0,200,8.769427
-200.0,200,8.823673
-200.0,200,8.873168
-200.0,200,8.925651
-200.0,200,8.974358
-200.0,200,9.028173
-200.0,200,9.076086
-200.0,200,9.128675
-200.0,200,9.176469
-200.0,200,9.22978
-200.0,200,9.278329
-200.0,200,9.330482
-200.0,200,9.379134
-200.0,200,9.432949
-200.0,200,9.481573
-200.0,200,9.53341
-200.0,200,9.582314
-200.0,200,9.635643
-200.0,200,9.683702
-200.0,200,9.735384
-200.0,200,9.789326
-200.0,200,9.845153
-200.0,200,9.894487
-200.0,200,9.946505
-200.0,200,9.995547
-200.0,200,10.058591
-200.0,200,10.109098
-200.0,200,10.16109
-200.0,200,10.210557
-200.0,200,10.263751
-200.0,200,10.31286
-200.0,200,10.365868
-200.0,200,10.414732
-200.0,200,10.468567
-200.0,200,10.51779
-200.0,200,10.571991
-200.0,200,10.62855
-200.0,200,10.687034
-200.0,200,10.735413
-200.0,200,10.789434
-200.0,200,10.839083
-200.0,200,10.894757
-200.0,200,10.947744
-200.0,200,11.002286
-200.0,200,11.053832
-200.0,200,11.108339
-200.0,200,11.164386
-200.0,200,11.21747
-200.0,200,11.271282
-200.0,200,11.328351
-200.0,200,11.382194
-200.0,200,11.437206
-200.0,200,11.485951
-200.0,200,11.540106
-200.0,200,11.5886
-200.0,200,11.645348
-200.0,200,11.69637
-200.0,200,11.750439
-200.0,200,11.800014
-200.0,200,11.855409
-200.0,200,11.904578
-200.0,200,11.963262
-200.0,200,12.012695
-200.0,200,12.065717
-200.0,200,12.11739
-200.0,200,12.171848
-200.0,200,12.222974
-200.0,200,12.278408
-200.0,200,12.33046
-200.0,200,12.384657
-200.0,200,12.435337
-200.0,200,12.492044
-200.0,200,12.544653
-200.0,200,12.599652
-200.0,200,12.650364
-200.0,200,12.704112
-200.0,200,12.758939
-200.0,200,12.816176
-200.0,200,12.868738
-200.0,200,12.92249
-200.0,200,12.972912
-200.0,200,13.030392
-200.0,200,13.080907
-200.0,200,13.134404
-200.0,200,13.183389
-200.0,200,13.238347
-200.0,200,13.287877
-200.0,200,13.340408
-200.0,200,13.389787
-200.0,200,13.4435
-200.0,200,13.498058
-200.0,200,13.554426
-200.0,200,13.604529
-200.0,200,13.65975
-200.0,200,13.709625
-200.0,200,13.762749
-200.0,200,13.815239
-200.0,200,13.874368
-200.0,200,13.926137
-200.0,200,13.979455
-200.0,200,14.029355
-200.0,200,14.084469
-200.0,200,14.138069
-200.0,200,14.192629
-200.0,200,14.243704
-200.0,200,14.298823
-200.0,200,14.349104
-200.0,200,14.406079
-200.0,200,14.456052
-200.0,200,14.518873
-200.0,200,14.573184
-200.0,200,14.629944
-200.0,200,14.6821
-200.0,200,14.739606
-200.0,200,14.789574
-200.0,200,14.843405
-200.0,200,14.894594
-200.0,200,14.949243
-200.0,200,15.002411
-200.0,200,15.057886
-200.0,200,15.110106
-200.0,200,15.167468
-200.0,200,15.217703
-200.0,200,15.271822
-200.0,200,15.322184
-200.0,200,15.377048
-200.0,200,15.426857
-200.0,200,15.481266
-200.0,200,15.532262
-200.0,200,15.588504
-200.0,200,15.638922
-200.0,200,15.692235
-200.0,200,15.743095
-200.0,200,15.800682
-200.0,200,15.852475
-200.0,200,15.906632
-200.0,200,15.956977
-200.0,200,16.012383
-200.0,200,16.063737
-200.0,200,16.118164
-200.0,200,16.168577
-200.0,200,16.224147
-200.0,200,16.274704
-200.0,200,16.328864
-200.0,200,16.380916
-200.0,200,16.438695
-200.0,200,16.494037
-200.0,200,16.55285
-200.0,200,16.610167
-200.0,200,16.673313
-200.0,200,16.724946
-200.0,200,16.779013
-200.0,200,16.82981
-200.0,200,16.886676
-200.0,200,16.93775
-200.0,200,16.992586
-200.0,200,17.043063
-200.0,200,17.098332
-200.0,200,17.148872
-200.0,200,17.20341
-200.0,200,17.255544
-200.0,200,17.312844
-200.0,200,17.364318
-200.0,200,17.41891
-200.0,200,17.469687
-200.0,200,17.526252
-200.0,200,17.581145
-200.0,200,17.643613
-200.0,200,17.696967
-200.0,200,17.755396
-200.0,200,17.807678
-200.0,200,17.863946
-200.0,200,17.915657
-200.0,200,17.97136
-200.0,200,18.02144
-200.0,200,18.075617
-200.0,200,18.125695
-200.0,200,18.181973
-200.0,200,18.232686
-200.0,200,18.286745
-200.0,200,18.336701
-200.0,200,18.392388
-200.0,200,18.442287
-200.0,200,18.496225
-200.0,200,18.546564
-200.0,200,18.602288
-200.0,200,18.652679
-200.0,200,18.706843
-200.0,200,18.75855
-200.0,200,18.815462
-200.0,200,18.867333
-200.0,200,18.922372
-200.0,200,18.972997
-200.0,200,19.03014
-200.0,200,19.081229
-200.0,200,19.136161
-200.0,200,19.18865
-200.0,200,19.24411
-200.0,200,19.29417
-200.0,200,19.348401
-200.0,200,19.398692
-200.0,200,19.454462
-200.0,200,19.504908
-200.0,200,19.559082
-200.0,200,19.61032
-200.0,200,19.667381
-200.0,200,19.718308
-200.0,200,19.778106
-200.0,200,19.831236
-200.0,200,19.887868
-200.0,200,19.939205
-200.0,200,19.994373
-200.0,200,20.046241
-200.0,200,20.102112
-200.0,200,20.15288
-200.0,200,20.20735
-200.0,200,20.258211
-200.0,200,20.314617
-200.0,200,20.365843
-200.0,200,20.420453
-200.0,200,20.47162
-200.0,200,20.529768
-200.0,200,20.58069
-200.0,200,20.635615
-200.0,200,20.686906
-200.0,200,20.743519
-200.0,200,20.794991
-200.0,200,20.850384
-200.0,200,20.90191
-200.0,200,20.959282
-200.0,200,21.011211
-200.0,200,21.067439
-200.0,200,21.119991
-200.0,200,21.175998
-200.0,200,21.22933
-200.0,200,21.292833
-200.0,200,21.352146
-200.0,200,21.413276
-200.0,200,21.468413
-200.0,200,21.526576
-200.0,200,21.579146
-200.0,200,21.63771
-200.0,200,21.690753
-200.0,200,21.746925
-200.0,200,21.80016
-200.0,200,21.857077
-200.0,200,21.910871
-200.0,200,21.969428
-200.0,200,22.026902
-200.0,200,22.089452
-200.0,200,22.144158
-200.0,200,22.200042
-200.0,200,22.253032
-200.0,200,22.312988
-200.0,200,22.369596
-200.0,200,22.429227
-200.0,200,22.486123
-200.0,200,22.546184
-200.0,200,22.600238
-200.0,200,22.657016
-200.0,200,22.709927
-200.0,200,22.770427
-200.0,200,22.824681
-200.0,200,22.881084
-200.0,200,22.934174
-200.0,200,22.993481
-200.0,200,23.047921
-200.0,200,23.108598
-200.0,200,23.165061
-200.0,200,23.224901
-200.0,200,23.277993
-200.0,200,23.336217
-200.0,200,23.39095
-200.0,200,23.450579
-200.0,200,23.503354
-200.0,200,23.559938
-200.0,200,23.613148
-200.0,200,23.670875
-200.0,200,23.723412
-200.0,200,23.778986
-200.0,200,23.831358
-200.0,200,23.88866
-200.0,200,23.940927
-200.0,200,23.996601
-200.0,200,24.048168
-200.0,200,24.104786
-200.0,200,24.15709
-200.0,200,24.212595
-200.0,200,24.264996
-200.0,200,24.32299
-200.0,200,24.375083
-200.0,200,24.431208
-200.0,200,24.483714
-200.0,200,24.540906
-200.0,200,24.592755
-200.0,200,24.648597
-200.0,200,24.702925
-200.0,200,24.760875
-200.0,200,24.81258
-200.0,200,24.868282
-200.0,200,24.920772
-200.0,200,24.978503
-200.0,200,25.030802
-200.0,200,25.086375
-200.0,200,25.138936
-200.0,200,25.196243
-200.0,200,25.248895
-200.0,200,25.304525
-200.0,200,25.357085
-200.0,200,25.415051
-200.0,200,25.467734
-200.0,200,25.523169
-200.0,200,25.575213
-200.0,200,25.633371
-200.0,200,25.685507
-200.0,200,25.741428
-200.0,200,25.79397
-200.0,200,25.853988
-200.0,200,25.906462
-200.0,200,25.96242
-200.0,200,26.014475
-200.0,200,26.073248
-200.0,200,26.125529
-200.0,200,26.18167
-200.0,200,26.234733
-200.0,200,26.293063
-200.0,200,26.345123
-200.0,200,26.400884
-200.0,200,26.453537
-200.0,200,26.511093
-200.0,200,26.564022
-200.0,200,26.61989
-200.0,200,26.672383
-200.0,200,26.730437
-200.0,200,26.7834
-200.0,200,26.838999
-200.0,200,26.891098
-200.0,200,26.949697
-200.0,200,27.002277
-200.0,200,27.058443
-200.0,200,27.111077
-200.0,200,27.168849
-200.0,200,27.221162
-200.0,200,27.277904
-200.0,200,27.329883
-200.0,200,27.388251
-200.0,200,27.441806
-200.0,200,27.498098
-200.0,200,27.551033
-200.0,200,27.609827
-200.0,200,27.662216
-200.0,200,27.718748
-200.0,200,27.77188
-200.0,200,27.830071
-200.0,200,27.882985
-200.0,200,27.939436
-200.0,200,27.991596
-200.0,200,28.049697
-200.0,200,28.102298
-200.0,200,28.158054
-200.0,200,28.210367
-200.0,200,28.26951
-200.0,200,28.322228
-157.0,157,28.365725
-200.0,200,28.421789
-200.0,200,28.476589
-200.0,200,28.532393
-200.0,200,28.585477
-200.0,200,28.641674
-200.0,200,28.696457
-200.0,200,28.757403
-200.0,200,28.812081
-200.0,200,28.869413
-200.0,200,28.924686
-200.0,200,28.981121
-200.0,200,29.034142
-200.0,200,29.0904
-200.0,200,29.145333
-200.0,200,29.202038
-200.0,200,29.255655
-200.0,200,29.312054
-200.0,200,29.367146
-200.0,200,29.423329
-200.0,200,29.477179
-200.0,200,29.53942
-200.0,200,29.595668
-200.0,200,29.652479
-200.0,200,29.705595
-200.0,200,29.762271
-200.0,200,29.819535
-200.0,200,29.876221
-200.0,200,29.929799
-200.0,200,29.986833
-200.0,200,30.041724
-200.0,200,30.098263
-200.0,200,30.151543
-200.0,200,30.215103
-200.0,200,30.275798
-200.0,200,30.333358
-200.0,200,30.387003
-200.0,200,30.443511
-200.0,200,30.501339
-200.0,200,30.558555
-200.0,200,30.612339
-200.0,200,30.668901
-200.0,200,30.723983
-200.0,200,30.780646
-200.0,200,30.833926
-200.0,200,30.890161
-200.0,200,30.945549
-200.0,200,31.002044
-200.0,200,31.055462
-200.0,200,31.112377
-200.0,200,31.167875
-200.0,200,31.22498
-200.0,200,31.278965
-200.0,200,31.336005
-200.0,200,31.391402
-200.0,200,31.448303
-200.0,200,31.502206
-200.0,200,31.559012
-200.0,200,31.616744
-200.0,200,31.673548
-200.0,200,31.727481
-200.0,200,31.785935
-200.0,200,31.841848
-200.0,200,31.899109
-200.0,200,31.952847
-200.0,200,32.00945
-200.0,200,32.065706
-200.0,200,32.123262
-200.0,200,32.1769
-200.0,200,32.234501
-200.0,200,32.290482
-200.0,200,32.347794
-200.0,200,32.401934
-200.0,200,32.459168
-200.0,200,32.514817
-200.0,200,32.572134
-200.0,200,32.62583
-200.0,200,32.682466
-200.0,200,32.737809
-200.0,200,32.794748
-200.0,200,32.848527
-200.0,200,32.905177
-200.0,200,32.960918
-200.0,200,33.01951
-200.0,200,33.073015
-200.0,200,33.130913
-200.0,200,33.186327
-200.0,200,33.24329
-200.0,200,33.296895
-200.0,200,33.354219
-200.0,200,33.409699
-200.0,200,33.466897
-200.0,200,33.520738
-200.0,200,33.577512
-200.0,200,33.633143
-200.0,200,33.690103
-200.0,200,33.743724
-200.0,200,33.801068
-200.0,200,33.856679
-200.0,200,33.913652
-200.0,200,33.967334
-200.0,200,34.024431
-200.0,200,34.079796
-200.0,200,34.136625
-200.0,200,34.190384
-200.0,200,34.247386
-200.0,200,34.303126
-200.0,200,34.360062
-200.0,200,34.415028
-200.0,200,34.473256
-200.0,200,34.529144
-200.0,200,34.58612
-200.0,200,34.639876
-200.0,200,34.696701
-200.0,200,34.754776
-181.0,181,34.807301
-200.0,200,34.860699
-200.0,200,34.917635
-200.0,200,34.973343
-200.0,200,35.029906
-200.0,200,35.083649
-200.0,200,35.140897
-200.0,200,35.196296
-200.0,200,35.253478
-200.0,200,35.307499
-200.0,200,35.364213
-200.0,200,35.419478
-200.0,200,35.476843
-200.0,200,35.530477
-200.0,200,35.587614
-200.0,200,35.643753
-200.0,200,35.700413
-200.0,200,35.754006
-200.0,200,35.812875
-200.0,200,35.868114
-200.0,200,35.924611
-200.0,200,35.97843
-200.0,200,36.035346
-200.0,200,36.09128
-200.0,200,36.148074
-200.0,200,36.201862
-178.0,178,36.250955
-200.0,200,36.310311
-200.0,200,36.363887
-200.0,200,36.420429
-200.0,200,36.474024
-200.0,200,36.532683
-200.0,200,36.586405
-200.0,200,36.643066
-155.0,155,36.683537
-200.0,200,36.742564
-200.0,200,36.796363
-200.0,200,36.853504
-200.0,200,36.906812
-147.0,147,36.952625
-139.0,139,36.988854
-200.0,200,37.045396
-157.0,157,37.089655
-192.0,192,37.145139
-200.0,200,37.200611
-200.0,200,37.257609
-152.0,152,37.298625
-200.0,200,37.357428
-159.0,159,37.401649
-128.0,128,37.437088
-200.0,200,37.490759
-200.0,200,37.549538
-200.0,200,37.602911
-200.0,200,37.659624
-200.0,200,37.713386
-200.0,200,37.771993
-200.0,200,37.825678
-200.0,200,37.882597
-200.0,200,37.936281
-200.0,200,37.99536
-200.0,200,38.048618
-197.0,197,38.102177
-200.0,200,38.159167
-200.0,200,38.215153
-182.0,182,38.267115
-140.0,140,38.303544
-200.0,200,38.360654
-200.0,200,38.416183
-200.0,200,38.473385
-149.0,149,38.513757
-200.0,200,38.572288
-200.0,200,38.62947
-200.0,200,38.686808
-138.0,138,38.723097
-200.0,200,38.779921
-200.0,200,38.83557
-117.0,117,38.870078
-200.0,200,38.923605
-200.0,200,38.980812
-200.0,200,39.036737
-200.0,200,39.093713
-181.0,181,39.142861
-200.0,200,39.199841
-200.0,200,39.255607
-200.0,200,39.31271
-200.0,200,39.366696
-120.0,120,39.401496
-200.0,200,39.456678
-200.0,200,39.513943
-200.0,200,39.567547
-200.0,200,39.624461
-178.0,178,39.675651
-143.0,143,39.715428
-150.0,150,39.755683
-200.0,200,39.809369
-162.0,162,39.85903
-200.0,200,39.913033
-200.0,200,39.971304
-187.0,187,40.020853
-200.0,200,40.085692
-200.0,200,40.139448
-200.0,200,40.19677
-200.0,200,40.250552
-160.0,160,40.296889
-200.0,200,40.353469
-126.0,126,40.388458
-159.0,159,40.432197
-200.0,200,40.487649
-200.0,200,40.544172
-200.0,200,40.597474
-159.0,159,40.641382
-200.0,200,40.700353
-199.0,199,40.753828
-171.0,171,40.80185
-200.0,200,40.855558
-200.0,200,40.914542
-200.0,200,40.967719
-200.0,200,41.024629
-200.0,200,41.077843
-200.0,200,41.136538
-186.0,186,41.185699
-200.0,200,41.242895
-200.0,200,41.295742
-200.0,200,41.355018
-200.0,200,41.410076
-107.0,107,41.44066
-160.0,160,41.484783
-199.0,199,41.542256
-98.0,98,41.572258
-200.0,200,41.625516
-200.0,200,41.682289
-200.0,200,41.73769
-174.0,174,41.785874
-200.0,200,41.838959
-200.0,200,41.895298
-200.0,200,41.950578
-200.0,200,42.007112
-200.0,200,42.060319
-200.0,200,42.116783
-200.0,200,42.172244
-200.0,200,42.22888
-200.0,200,42.281768
-166.0,166,42.329443
-200.0,200,42.385058
-200.0,200,42.441186
-136.0,136,42.476701
-200.0,200,42.534495
-200.0,200,42.589666
-200.0,200,42.645977
-200.0,200,42.699842
-89.0,89,42.726119
-147.0,147,42.769198
-200.0,200,42.825814
-200.0,200,42.879161
-200.0,200,42.936464
-101.0,101,42.965089
-200.0,200,43.018652
-190.0,190,43.071255
-200.0,200,43.127237
-200.0,200,43.183197
-177.0,177,43.231868
-200.0,200,43.288815
-200.0,200,43.342586
-200.0,200,43.401354
-200.0,200,43.454677
-200.0,200,43.511703
-200.0,200,43.564628
-200.0,200,43.623564
-200.0,200,43.677274
-199.0,199,43.733605
-200.0,200,43.787117
-200.0,200,43.846586
-200.0,200,43.899859
-200.0,200,43.957138
-200.0,200,44.010716
-200.0,200,44.069779
-200.0,200,44.12338
-200.0,200,44.181835
-200.0,200,44.236941
-200.0,200,44.297867
-200.0,200,44.352102
-97.0,97,44.379024
-180.0,180,44.430794
-200.0,200,44.486663
-180.0,180,44.535869
-177.0,177,44.584752
-200.0,200,44.641386
-102.0,102,44.672073
-131.0,131,44.708124
-134.0,134,44.747382
-128.0,128,44.782627
-130.0,130,44.820677
-112.0,112,44.851957
-177.0,177,44.900399
-200.0,200,44.954159
-185.0,185,45.008864
-200.0,200,45.065816
-108.0,108,45.093278
-137.0,137,45.132893
-184.0,184,45.184825
-200.0,200,45.242198
-89.0,89,45.265007
-104.0,104,45.295418
-113.0,113,45.328278
-200.0,200,45.382149
-178.0,178,45.434051
-174.0,174,45.479548
-200.0,200,45.538862
-142.0,142,45.579728
-200.0,200,45.633438
-153.0,153,45.677678
-189.0,189,45.732733
-200.0,200,45.786674
-112.0,112,45.817201
-97.0,97,45.843972
-200.0,200,45.902567
-152.0,152,45.942666
-181.0,181,45.995185
-173.0,173,46.040169
-155.0,155,46.086431
-181.0,181,46.135015
-154.0,154,46.179057
-114.0,114,46.209888
-200.0,200,46.269253
-160.0,160,46.312787
-200.0,200,46.366507
-200.0,200,46.423339
-171.0,171,46.470408
-163.0,163,46.518485
-187.0,187,46.568068
-200.0,200,46.624883
-131.0,131,46.662397
-153.0,153,46.703253
-200.0,200,46.760103
-189.0,189,46.812861
-200.0,200,46.868528
-200.0,200,46.925418
-200.0,200,46.981044
-200.0,200,47.038677
-200.0,200,47.094678
-200.0,200,47.150917
-142.0,142,47.190781
-177.0,177,47.239743
-200.0,200,47.297209
-200.0,200,47.354065
-113.0,113,47.385347
-200.0,200,47.438644
-200.0,200,47.497941
-200.0,200,47.551459
-118.0,118,47.586296
-156.0,156,47.626865
-200.0,200,47.685866
-189.0,189,47.739095
-126.0,126,47.77406
-127.0,127,47.809302
-200.0,200,47.865212
-157.0,157,47.909278
-200.0,200,47.962896
-200.0,200,48.019577
-144.0,144,48.061996
-200.0,200,48.115375
-200.0,200,48.172202
-200.0,200,48.226564
-200.0,200,48.285257
-200.0,200,48.338598
-200.0,200,48.397114
-200.0,200,48.451302
-200.0,200,48.510234
-200.0,200,48.564418
-200.0,200,48.621211
-159.0,159,48.665612
-195.0,195,48.721177
-200.0,200,48.774744
-200.0,200,48.831614
-200.0,200,48.885019
-200.0,200,48.943921
-200.0,200,48.997279
-200.0,200,49.05478
-200.0,200,49.108779
-200.0,200,49.167634
-200.0,200,49.221499
-200.0,200,49.278695
-200.0,200,49.332179
-200.0,200,49.391222
-200.0,200,49.444853
-200.0,200,49.501856
-200.0,200,49.555733
-200.0,200,49.614271
-200.0,200,49.667539
-200.0,200,49.724951
-200.0,200,49.782923
-200.0,200,49.841463
-200.0,200,49.895181
-200.0,200,49.952005
-200.0,200,50.005463
-200.0,200,50.066612
-200.0,200,50.11984
-200.0,200,50.176439
-200.0,200,50.229986
-200.0,200,50.288952
-200.0,200,50.342361
-200.0,200,50.399533
-200.0,200,50.452984
-149.0,149,50.498523
-200.0,200,50.552062
-200.0,200,50.609079
-138.0,138,50.645107
-200.0,200,50.70403
-200.0,200,50.757588
-200.0,200,50.814461
-200.0,200,50.868068
-200.0,200,50.932017
-200.0,200,50.986113
-200.0,200,51.043416
-200.0,200,51.097291
-200.0,200,51.155958
-200.0,200,51.21044
-200.0,200,51.267884
-200.0,200,51.321617
-200.0,200,51.380608
-200.0,200,51.434005
-200.0,200,51.490922
-200.0,200,51.544212
-200.0,200,51.603103
-200.0,200,51.656347
-200.0,200,51.713425
-200.0,200,51.767209
-200.0,200,51.82512
-200.0,200,51.878934
-200.0,200,51.935834
-200.0,200,51.989118
-200.0,200,52.048055
-200.0,200,52.101476
-200.0,200,52.158411
-200.0,200,52.212717
-200.0,200,52.278551
-200.0,200,52.332804
-200.0,200,52.390621
-200.0,200,52.44409
-200.0,200,52.504849
-200.0,200,52.562305
-200.0,200,52.622441
-200.0,200,52.677718
-200.0,200,52.738861
-200.0,200,52.793792
-200.0,200,52.850317
-200.0,200,52.904115
-200.0,200,52.963772
-200.0,200,53.017292
-200.0,200,53.074768
-200.0,200,53.128446
-200.0,200,53.188019
-200.0,200,53.241855
-200.0,200,53.299222
-200.0,200,53.352878
-200.0,200,53.412204
-200.0,200,53.465797
-200.0,200,53.52254
-200.0,200,53.576065
-200.0,200,53.634887
-200.0,200,53.688356
-200.0,200,53.745484
-200.0,200,53.80071
-200.0,200,53.862761
-200.0,200,53.919508
-160.0,160,53.965592
-200.0,200,54.025469
-157.0,157,54.073617
-200.0,200,54.132716
-200.0,200,54.190903
-200.0,200,54.246909
-200.0,200,54.307181
-200.0,200,54.361501
-200.0,200,54.423425
-200.0,200,54.480925
-161.0,161,54.527787
-134.0,134,54.56738
-200.0,200,54.64791
-200.0,200,54.706092
-172.0,172,54.753048
-119.0,119,54.787887
-200.0,200,54.84132
-200.0,200,54.898463
-141.0,141,54.939931
-195.0,195,54.993619
-200.0,200,55.047353
-200.0,200,55.104157
-132.0,132,55.141963
-200.0,200,55.199553
-200.0,200,55.253142
-132.0,132,55.288809
-128.0,128,55.327717
-200.0,200,55.384851
-200.0,200,55.438278
-200.0,200,55.497416
-200.0,200,55.552601
-200.0,200,55.612822
-200.0,200,55.669347
-194.0,194,55.723293
-200.0,200,55.783202
-200.0,200,55.836831
-133.0,133,55.880655
-143.0,143,55.922659
-133.0,133,55.960722
-200.0,200,56.018288
-128.0,128,56.053693
-181.0,181,56.103272
-200.0,200,56.159122
-129.0,129,56.195082
-123.0,123,56.231107
-200.0,200,56.289314
-127.0,127,56.326438
-200.0,200,56.380145
-124.0,124,56.415326
-200.0,200,56.471034
-200.0,200,56.531441
-200.0,200,56.584814
-200.0,200,56.641951
-129.0,129,56.677836
-198.0,198,56.734024
-200.0,200,56.794629
-200.0,200,56.851872
-200.0,200,56.911522
-200.0,200,56.967505
-129.0,129,57.003071
-200.0,200,57.065947
-200.0,200,57.125586
-200.0,200,57.190664
-200.0,200,57.244663
-200.0,200,57.304313
-200.0,200,57.358721
-200.0,200,57.420732
-185.0,185,57.470449
-200.0,200,57.530716
-150.0,150,57.571179
-200.0,200,57.631533
-200.0,200,57.687382
-131.0,131,57.72359
-200.0,200,57.780896
-200.0,200,57.840652
-200.0,200,57.899291
-125.0,125,57.935695
-200.0,200,57.989746
-131.0,131,58.027278
-200.0,200,58.084051
-200.0,200,58.13847
-191.0,191,58.1935
-152.0,152,58.241183
-200.0,200,58.295172
-120.0,120,58.331621
-199.0,199,58.384874
-129.0,129,58.422344
-151.0,151,58.466313
-200.0,200,58.519519
-200.0,200,58.575906
-135.0,135,58.613816
-175.0,175,58.662364
-181.0,181,58.712288
-200.0,200,58.773984
-179.0,179,58.826945
-200.0,200,58.884789
-127.0,127,58.922621
-200.0,200,58.977292
-162.0,162,59.024626
-153.0,153,59.073108
-184.0,184,59.124814
-200.0,200,59.182813
-198.0,198,59.241958
-142.0,142,59.286408
-168.0,168,59.336267
-200.0,200,59.391889
-200.0,200,59.451781
-129.0,129,59.487975
-190.0,190,59.540506
-200.0,200,59.603449
-200.0,200,59.660278
-180.0,180,59.716183
-200.0,200,59.772076
-183.0,183,59.825541
-200.0,200,59.885965
-159.0,159,59.931327
-152.0,152,59.978506
-200.0,200,60.03364
-200.0,200,60.096212
-200.0,200,60.150185
-186.0,186,60.205507
-188.0,188,60.255274
-190.0,190,60.318346
-113.0,113,60.351006
-198.0,198,60.412721
-179.0,179,60.463911
-200.0,200,60.520268
-146.0,146,60.564182
-146.0,146,60.606648
-158.0,158,60.651411
-200.0,200,60.711422
-200.0,200,60.768649
-200.0,200,60.824567
-196.0,196,60.880248
-200.0,200,60.941154
-200.0,200,61.005081
-200.0,200,61.068657
-185.0,185,61.120084
-200.0,200,61.180458
-197.0,197,61.242872
-173.0,173,61.292017
-150.0,150,61.334653
-195.0,195,61.398451
-138.0,138,61.43767
-193.0,193,61.494534
-181.0,181,61.547747
-200.0,200,61.606129
-168.0,168,61.656595
-200.0,200,61.711565
-190.0,190,61.765188
-160.0,160,61.811943
-200.0,200,61.865565
-167.0,167,61.917554
-182.0,182,61.968211
-152.0,152,62.015103
-165.0,165,62.063272
-200.0,200,62.121375
-194.0,194,62.174643
-158.0,158,62.225746
-170.0,170,62.27163
-200.0,200,62.332129
-200.0,200,62.385747
-200.0,200,62.450031
-157.0,157,62.494595
-198.0,198,62.551048
-173.0,173,62.600636
-150.0,150,62.643401
-200.0,200,62.701953
-200.0,200,62.755639
-200.0,200,62.813484
-200.0,200,62.869669
-185.0,185,62.922468
-200.0,200,62.976205
-153.0,153,63.020126
-153.0,153,63.062517
-200.0,200,63.119624
-200.0,200,63.17338
-163.0,163,63.217684
-200.0,200,63.282996
-138.0,138,63.32539
-200.0,200,63.380116
-200.0,200,63.438647
-174.0,174,63.486559
-157.0,157,63.531952
-148.0,148,63.579285
-200.0,200,63.633921
-158.0,158,63.68055
-161.0,161,63.724649
-154.0,154,63.768118
-200.0,200,63.821558
-200.0,200,63.880984
-179.0,179,63.930496
-200.0,200,63.984136
-200.0,200,64.043616
-200.0,200,64.102609
-149.0,149,64.148349
-200.0,200,64.202674
-145.0,145,64.243307
-200.0,200,64.302501
-157.0,157,64.342794
-200.0,200,64.400022
-200.0,200,64.453963
-200.0,200,64.514889
-176.0,176,64.563596
-200.0,200,64.622702
-200.0,200,64.68673
-200.0,200,64.745156
-148.0,148,64.790742
-143.0,143,64.833827
-156.0,156,64.876642
-200.0,200,64.936698
-157.0,157,64.981818
-143.0,143,65.022307
-189.0,189,65.075021
-200.0,200,65.135586
-200.0,200,65.189746
-200.0,200,65.24729
-200.0,200,65.301503
-200.0,200,65.369145
-148.0,148,65.410676
-200.0,200,65.469033
-149.0,149,65.511613
-200.0,200,65.574653
-157.0,157,65.615594
-200.0,200,65.672998
-200.0,200,65.732038
-88.0,88,65.760681
-200.0,200,65.815213
-200.0,200,65.874026
-200.0,200,65.931176
-200.0,200,65.995596
-148.0,148,66.036812
-200.0,200,66.094354
-147.0,147,66.134803
-199.0,199,66.193361
-163.0,163,66.23805
-152.0,152,66.282162
-143.0,143,66.321781
-156.0,156,66.370221
-200.0,200,66.425042
-140.0,140,66.466146
-200.0,200,66.523265
-200.0,200,66.583819
-200.0,200,66.637982
-200.0,200,66.697877
-200.0,200,66.751441
-200.0,200,66.822958
-200.0,200,66.878036
-200.0,200,66.935717
-200.0,200,66.990052
-200.0,200,67.055412
-172.0,172,67.105163
-200.0,200,67.160249
-167.0,167,67.210709
-175.0,175,67.267331
-140.0,140,67.311625
-200.0,200,67.370218
-199.0,199,67.424074
-200.0,200,67.487805
-176.0,176,67.538309
-167.0,167,67.583826
-200.0,200,67.640575
-129.0,129,67.678313
-200.0,200,67.7397
-200.0,200,67.798915
-200.0,200,67.85332
-200.0,200,67.912577
-200.0,200,67.967757
-200.0,200,68.026168
-200.0,200,68.080025
-200.0,200,68.139619
-200.0,200,68.193559
-200.0,200,68.251027
-175.0,175,68.301351
-200.0,200,68.357001
-158.0,158,68.401766
-200.0,200,68.455294
-200.0,200,68.514977
-200.0,200,68.571302
-200.0,200,68.628007
-200.0,200,68.687447
-200.0,200,68.74548
-200.0,200,68.802548
-200.0,200,68.862064
-200.0,200,68.917217
-200.0,200,68.974828
-200.0,200,69.032649
-200.0,200,69.090856
-200.0,200,69.145338
-200.0,200,69.207971
-200.0,200,69.264773
-200.0,200,69.321391
-168.0,168,69.368828
-200.0,200,69.427097
-145.0,145,69.469518
-161.0,161,69.514489
-187.0,187,69.567257
-172.0,172,69.615537
-200.0,200,69.670967
-200.0,200,69.727543
-157.0,157,69.768373
-200.0,200,69.825314
-200.0,200,69.884845
-124.0,124,69.922948
-200.0,200,69.980256
-176.0,176,70.030541
-184.0,184,70.083265
-200.0,200,70.141667
-200.0,200,70.196629
-200.0,200,70.256917
-200.0,200,70.316382
-200.0,200,70.373541
-200.0,200,70.427577
-153.0,153,70.471895
-200.0,200,70.531656
-170.0,170,70.581776
-200.0,200,70.636573
-200.0,200,70.694058
-154.0,154,70.736588
-160.0,160,70.782677
-115.0,115,70.81859
-138.0,138,70.855281
-200.0,200,70.917357
-150.0,150,70.957941
-163.0,163,71.002522
-137.0,137,71.045249
-199.0,199,71.119466
-187.0,187,71.173767
-179.0,179,71.223346
-157.0,157,71.267938
-200.0,200,71.325969
-200.0,200,71.387678
-200.0,200,71.441887
-150.0,150,71.486709
-177.0,177,71.538148
-110.0,110,71.571175
-104.0,104,71.598432
-166.0,166,71.649508
-181.0,181,71.702332
-200.0,200,71.756415
-200.0,200,71.813264
-158.0,158,71.857572
-129.0,129,71.895403
-190.0,190,71.948585
-200.0,200,72.002369
-136.0,136,72.041944
-200.0,200,72.0979
-200.0,200,72.154782
-181.0,181,72.204346
-200.0,200,72.261191
-159.0,159,72.307497
-200.0,200,72.361464
-182.0,182,72.410526
-148.0,148,72.453997
-168.0,168,72.504852
-141.0,141,72.545268
-131.0,131,72.582459
-164.0,164,72.628235
-200.0,200,72.691541
-200.0,200,72.750867
-98.0,98,72.78445
-200.0,200,72.840734
-200.0,200,72.900628
-125.0,125,72.93237
-166.0,166,72.980981
-200.0,200,73.034837
-142.0,142,73.076494
-200.0,200,73.134835
-87.0,87,73.158965
-185.0,185,73.213993
-200.0,200,73.270038
-167.0,167,73.320609
-176.0,176,73.370076
-148.0,148,73.410072
-165.0,165,73.457235
-187.0,187,73.510168
-136.0,136,73.548305
-172.0,172,73.60383
-151.0,151,73.648667
-150.0,150,73.693297
-157.0,157,73.737269
-159.0,159,73.783661
-196.0,196,73.840055
-200.0,200,73.895314
-159.0,159,73.94132
-162.0,162,73.986777
-170.0,170,74.037805
-87.0,87,74.060866
-145.0,145,74.104123
-152.0,152,74.147118
-199.0,199,74.206859
-200.0,200,74.267484
-166.0,166,74.312721
-200.0,200,74.382804
-200.0,200,74.446226
-200.0,200,74.505598
-200.0,200,74.559834
-129.0,129,74.595672
-164.0,164,74.646283
-200.0,200,74.700044
-157.0,157,74.743878
-200.0,200,74.797609
-104.0,104,74.830493
-200.0,200,74.886439
-175.0,175,74.937461
-150.0,150,74.983873
-190.0,190,75.046535
-200.0,200,75.1039
-171.0,171,75.159032
-200.0,200,75.220672
-200.0,200,75.281875
-200.0,200,75.33788
-200.0,200,75.395845
-200.0,200,75.449693
-180.0,180,75.50847
-200.0,200,75.565699
-200.0,200,75.625513
-156.0,156,75.66769
-151.0,151,75.721424
-200.0,200,75.776744
-200.0,200,75.841638
-196.0,196,75.906673
-162.0,162,75.954188
-159.0,159,75.998894
-200.0,200,76.062799
-108.0,108,76.090963
-188.0,188,76.146874
-178.0,178,76.196104
-200.0,200,76.256943
-174.0,174,76.306377
-85.0,85,76.330991
-126.0,126,76.366645
-166.0,166,76.414899
-156.0,156,76.460374
-200.0,200,76.516602
-199.0,199,76.576451
-180.0,180,76.62703
-117.0,117,76.65855
-191.0,191,76.719963
-194.0,194,76.774302
-157.0,157,76.819173
-122.0,122,76.854385
-115.0,115,76.890272
-199.0,199,76.948929
-169.0,169,76.993915
-148.0,148,77.03477
-157.0,157,77.086408
-200.0,200,77.144645
-149.0,149,77.185995
-158.0,158,77.233608
-120.0,120,77.268236
-146.0,146,77.312767
-138.0,138,77.357178
-187.0,187,77.410832
-147.0,147,77.455415
-200.0,200,77.51217
-168.0,168,77.560961
-165.0,165,77.606082
-140.0,140,77.647746
-165.0,165,77.692817
-113.0,113,77.725294
-157.0,157,77.776693
-166.0,166,77.828673
-149.0,149,77.869199
-123.0,123,77.90439
-151.0,151,77.94504
-200.0,200,78.005001
-158.0,158,78.046294
-169.0,169,78.097327
-140.0,140,78.140128
-200.0,200,78.197219
-161.0,161,78.245101
-147.0,147,78.294234
-195.0,195,78.354063
-146.0,146,78.397025
-166.0,166,78.441958
-185.0,185,78.496836
-143.0,143,78.538306
-144.0,144,78.58086
-173.0,173,78.625851
-142.0,142,78.6675
-185.0,185,78.720414
-138.0,138,78.765542
-200.0,200,78.820327
-145.0,145,78.860579
-163.0,163,78.905416
-142.0,142,78.947534
-148.0,148,78.987458
-200.0,200,79.049505
-140.0,140,79.089525
-196.0,196,79.146748
-200.0,200,79.200437
-145.0,145,79.240951
-139.0,139,79.280976
-143.0,143,79.323237
-143.0,143,79.363761
-200.0,200,79.42083
-189.0,189,79.471119
-143.0,143,79.5135
-200.0,200,79.571339
-200.0,200,79.625268
-200.0,200,79.682279
-200.0,200,79.73764
-146.0,146,79.77774
-142.0,142,79.818162
-141.0,141,79.857957
-143.0,143,79.900041
-200.0,200,79.956975
-141.0,141,79.993172
-200.0,200,80.050409
-147.0,147,80.094037
-200.0,200,80.151241
-200.0,200,80.205037
-200.0,200,80.262354
-148.0,148,80.304959
-146.0,146,80.344893
-87.0,87,80.367729
-200.0,200,80.424732
-147.0,147,80.466978
-163.0,163,80.511385
-200.0,200,80.570441
-156.0,156,80.61299
-145.0,145,80.660036
-185.0,185,80.710562
-143.0,143,80.750731
-161.0,161,80.79539
-144.0,144,80.83992
-164.0,164,80.886647
-200.0,200,80.945254
-200.0,200,81.000258
-200.0,200,81.060269
-200.0,200,81.113822
-200.0,200,81.171528
-150.0,150,81.212447
-200.0,200,81.27413
-200.0,200,81.330491
-141.0,141,81.370825
-164.0,164,81.416312
-147.0,147,81.458333
-200.0,200,81.517737
-145.0,145,81.559903
-200.0,200,81.621033
-200.0,200,81.680234
-161.0,161,81.727055
-179.0,179,81.779248
-142.0,142,81.819615
-149.0,149,81.863075
-200.0,200,81.922138
-143.0,143,81.96385
-141.0,141,82.005601
-200.0,200,82.064952
-145.0,145,82.106892
-160.0,160,82.153726
-155.0,155,82.200287
-200.0,200,82.258325
-146.0,146,82.304507
-95.0,95,82.331758
-200.0,200,82.38703
-148.0,148,82.430923
-200.0,200,82.503828
-149.0,149,82.546886
-143.0,143,82.588451
-153.0,153,82.637065
-158.0,158,82.678497
-148.0,148,82.723224
-147.0,147,82.764089
-158.0,158,82.8111
-200.0,200,82.866204
-200.0,200,82.923917
-200.0,200,82.982034
-165.0,165,83.037869
-200.0,200,83.094898
-200.0,200,83.155446
-200.0,200,83.211733
-144.0,144,83.254556
-200.0,200,83.313351
-160.0,160,83.360175
-150.0,150,83.403018
-200.0,200,83.461028
-146.0,146,83.506313
-200.0,200,83.563667
-106.0,106,83.59618
-200.0,200,83.654342
-200.0,200,83.712718
-200.0,200,83.76786
-200.0,200,83.826227
-200.0,200,83.884154
-200.0,200,83.942493
-200.0,200,83.99731
-155.0,155,84.042676
-200.0,200,84.099199
-144.0,144,84.140434
-146.0,146,84.18459
-150.0,150,84.226166
-146.0,146,84.268701
-200.0,200,84.326751
-148.0,148,84.367125
-174.0,174,84.416606
-147.0,147,84.462652
-200.0,200,84.518583
-200.0,200,84.583794
-200.0,200,84.641167
-200.0,200,84.701888
-149.0,149,84.743387
-200.0,200,84.802479
-200.0,200,84.857444
-200.0,200,84.918647
-156.0,156,84.959843
-157.0,157,85.004806
-150.0,150,85.049325
-200.0,200,85.106911
-147.0,147,85.148146
-173.0,173,85.198415
-200.0,200,85.256744
-114.0,114,85.290904
-144.0,144,85.331305
-200.0,200,85.384847
-164.0,164,85.430158
-200.0,200,85.493556
-159.0,159,85.5405
-200.0,200,85.597357
-200.0,200,85.657341
-159.0,159,85.706211
-156.0,156,85.752366
-200.0,200,85.808504
-161.0,161,85.85554
-200.0,200,85.918069
-153.0,153,85.959277
-200.0,200,86.016763
-145.0,145,86.056315
-156.0,156,86.107669
-157.0,157,86.150375
-200.0,200,86.21011
-161.0,161,86.257222
-146.0,146,86.301635
-144.0,144,86.343505
-155.0,155,86.38936
-200.0,200,86.44499
-148.0,148,86.49114
-147.0,147,86.536358
-152.0,152,86.577306
-200.0,200,86.635634
-151.0,151,86.679036
-142.0,142,86.719363
-152.0,152,86.759989
-155.0,155,86.804381
-147.0,147,86.847491
-150.0,150,86.891699
-144.0,144,86.931814
-155.0,155,86.972769
-153.0,153,87.019555
-152.0,152,87.0602
-155.0,155,87.104795
-167.0,167,87.153438
-143.0,143,87.196348
-141.0,141,87.234036
-167.0,167,87.284153
-156.0,156,87.329782
-151.0,151,87.378526
-165.0,165,87.425517
-200.0,200,87.485069
-200.0,200,87.540911
-165.0,165,87.591997
-200.0,200,87.646248
-176.0,176,87.695544
-200.0,200,87.752927
-167.0,167,87.800636
-158.0,158,87.845512
-164.0,164,87.890724
-183.0,183,87.944686
-165.0,165,87.992298
-140.0,140,88.033562
-200.0,200,88.090007
-200.0,200,88.14878
-183.0,183,88.204235
-200.0,200,88.262868
-175.0,175,88.312775
-196.0,196,88.367746
-200.0,200,88.42529
-159.0,159,88.470704
-192.0,192,88.524939
-161.0,161,88.570361
-145.0,145,88.613567
-171.0,171,88.663151
-158.0,158,88.707214
-159.0,159,88.752114
-179.0,179,88.804995
-124.0,124,88.840444
-189.0,189,88.893656
-200.0,200,88.947616
-152.0,152,88.994223
-150.0,150,89.03482
-143.0,143,89.075116
-151.0,151,89.115991
-195.0,195,89.178258
-167.0,167,89.222903
-147.0,147,89.268101
-157.0,157,89.31446
-139.0,139,89.356767
-160.0,160,89.401884
-140.0,140,89.438581
-135.0,135,89.478528
-159.0,159,89.525488
-155.0,155,89.566945
-159.0,159,89.614326
-177.0,177,89.667947
-145.0,145,89.714612
-170.0,170,89.76017
-163.0,163,89.804407
-180.0,180,89.857128
-137.0,137,89.895897
-147.0,147,89.936852
-145.0,145,89.977096
-200.0,200,90.034672
-150.0,150,90.080104
-149.0,149,90.124351
-140.0,140,90.160757
-119.0,119,90.195839
-119.0,119,90.23166
-144.0,144,90.273542
-114.0,114,90.304914
-119.0,119,90.339664
-117.0,117,90.373701
-200.0,200,90.431592
-152.0,152,90.476286
-143.0,143,90.517466
-194.0,194,90.574322
-139.0,139,90.615353
-182.0,182,90.666208
-147.0,147,90.707243
-149.0,149,90.757041
-150.0,150,90.798831
-179.0,179,90.849304
-151.0,151,90.894257
-169.0,169,90.942402
-152.0,152,90.987033
-142.0,142,91.026615
-154.0,154,91.067596
-200.0,200,91.128048
-146.0,146,91.169583
-189.0,189,91.223582
-139.0,139,91.260448
-200.0,200,91.32106
-178.0,178,91.370711
-200.0,200,91.42907
-155.0,155,91.471136
-128.0,128,91.51013
-116.0,116,91.542972
-145.0,145,91.58816
-131.0,131,91.625331
-190.0,190,91.688647
-200.0,200,91.748064
-145.0,145,91.78981
-143.0,143,91.832342
-197.0,197,91.891766
-141.0,141,91.934252
-200.0,200,91.995253
-193.0,193,92.050363
-200.0,200,92.107781
-173.0,173,92.159239
-155.0,155,92.206674
-146.0,146,92.250002
-153.0,153,92.293963
-200.0,200,92.353055
-200.0,200,92.407999
-155.0,155,92.45235
-161.0,161,92.49957
-200.0,200,92.560235
-200.0,200,92.620416
-200.0,200,92.682435
-200.0,200,92.743995
-200.0,200,92.802914
-165.0,165,92.848636
-200.0,200,92.907379
-140.0,140,92.946136
-200.0,200,93.004229
-200.0,200,93.058499
-146.0,146,93.099323
-148.0,148,93.147543
-200.0,200,93.201803
-175.0,175,93.251098
-168.0,168,93.299498
-145.0,145,93.341892
-156.0,156,93.382635
-151.0,151,93.426777
-164.0,164,93.471661
-200.0,200,93.537852
-149.0,149,93.578556
-152.0,152,93.619544
-163.0,163,93.668046
-179.0,179,93.721774
-151.0,151,93.762346
-141.0,141,93.802558
-154.0,154,93.846682
-150.0,150,93.889871
-153.0,153,93.933944
-155.0,155,93.97434
-172.0,172,94.023294
-157.0,157,94.070105
-168.0,168,94.115137
-152.0,152,94.159101
-175.0,175,94.208094
-155.0,155,94.25163
-142.0,142,94.291646
-142.0,142,94.331724
-142.0,142,94.371477
-148.0,148,94.414268
-152.0,152,94.458806
-200.0,200,94.512768
-153.0,153,94.558433
-149.0,149,94.603629
-150.0,150,94.64814
-149.0,149,94.688775
-139.0,139,94.729001
-152.0,152,94.771869
-144.0,144,94.8122
-143.0,143,94.852451
-158.0,158,94.896639
-87.0,87,94.921805
-141.0,141,94.962115
-175.0,175,95.011163
-159.0,159,95.0557
-144.0,144,95.097973
-110.0,110,95.12969
-140.0,140,95.16929
-141.0,141,95.205902
-149.0,149,95.252277
-136.0,136,95.288509
-138.0,138,95.328446
-142.0,142,95.368272
-136.0,136,95.409518
-140.0,140,95.449664
-199.0,199,95.503659
-151.0,151,95.547483
-179.0,179,95.599002
-137.0,137,95.638584
-88.0,88,95.661633
-138.0,138,95.701239
-140.0,140,95.743567
-144.0,144,95.783865
-135.0,135,95.820099
-171.0,171,95.868631
-160.0,160,95.915217
-138.0,138,95.951575
-143.0,143,95.99265
-139.0,139,96.032406
-141.0,141,96.073901
-155.0,155,96.114513
-140.0,140,96.154076
-141.0,141,96.193711
-139.0,139,96.239208
-138.0,138,96.275595
-145.0,145,96.31565
-136.0,136,96.355665
-185.0,185,96.407013
-137.0,137,96.446868
-93.0,93,96.473705
-138.0,138,96.510223
-139.0,139,96.55249
-142.0,142,96.59227
-141.0,141,96.632053
-158.0,158,96.676679
-176.0,176,96.728121
-103.0,103,96.755122
-135.0,135,96.794295
-137.0,137,96.830174
-161.0,161,96.877274
-144.0,144,96.917362
-174.0,174,96.966405
-145.0,145,97.006651
-148.0,148,97.052453
-135.0,135,97.091853
-138.0,138,97.12793
-141.0,141,97.16759
-137.0,137,97.210203
-192.0,192,97.263994
-141.0,141,97.303785
-158.0,158,97.344659
-140.0,140,97.386733
-143.0,143,97.427912
-129.0,129,97.463472
-151.0,151,97.507612
-151.0,151,97.550565
-174.0,174,97.599101
-146.0,146,97.638926
-155.0,155,97.683488
-152.0,152,97.726221
-158.0,158,97.770717
-101.0,101,97.797597
-152.0,152,97.841239
-129.0,129,97.881961
-119.0,119,97.913561
-157.0,157,97.957836
-126.0,126,97.993076
-91.0,91,98.021756
-100.0,100,98.049433
-119.0,119,98.084052
-150.0,150,98.124228
-147.0,147,98.166839
-123.0,123,98.202103
-110.0,110,98.233281
-162.0,162,98.27767
-117.0,117,98.311291
-173.0,173,98.360091
-88.0,88,98.382973
-194.0,194,98.439425
-200.0,200,98.495266
-154.0,154,98.539459
-98.0,98,98.566274
-154.0,154,98.606944
-125.0,125,98.647515
-159.0,159,98.692441
-115.0,115,98.723679
-119.0,119,98.758636
-114.0,114,98.792357
-112.0,112,98.825381
-113.0,113,98.856591
-159.0,159,98.900787
-165.0,165,98.948171
-163.0,163,98.992793
-116.0,116,99.027592
-92.0,92,99.050833
-90.0,90,99.079491
-91.0,91,99.105858
-176.0,176,99.154537
-157.0,157,99.198645
-93.0,93,99.224245
-117.0,117,99.25904
-88.0,88,99.282069
-91.0,91,99.308347
-112.0,112,99.343995
-111.0,111,99.375797
-90.0,90,99.398884
-113.0,113,99.42983
-161.0,161,99.480466
-166.0,166,99.524951
-162.0,162,99.569789
-158.0,158,99.614028
-149.0,149,99.656551
-121.0,121,99.691921
-155.0,155,99.732665
-106.0,106,99.763518
-123.0,123,99.801181
-124.0,124,99.836461
-171.0,171,99.881295
-111.0,111,99.912617
-162.0,162,99.959489
-178.0,178,100.008626
-160.0,160,100.05284
-163.0,163,100.101423
-154.0,154,100.147647
-154.0,154,100.192024
-159.0,159,100.237704
-150.0,150,100.277926
-133.0,133,100.316209
-98.0,98,100.346489
-91.0,91,100.369246
-167.0,167,100.417396
-160.0,160,100.463991
-120.0,120,100.495801
-147.0,147,100.535858
-156.0,156,100.580493
-154.0,154,100.627138
-177.0,177,100.675839
-157.0,157,100.721571
-90.0,90,100.745071
-160.0,160,100.792033
-157.0,157,100.836027
-154.0,154,100.880218
-152.0,152,100.92064
-163.0,163,100.970326
-157.0,157,101.01459
-160.0,160,101.058482
-159.0,159,101.103175
-155.0,155,101.149735
-147.0,147,101.189683
-96.0,96,101.21628
-159.0,159,101.260548
-150.0,150,101.303613
-159.0,159,101.347876
-164.0,164,101.395774
-149.0,149,101.435998
-155.0,155,101.482318
-108.0,108,101.512026
-151.0,151,101.558332
-158.0,158,101.603524
-158.0,158,101.646565
-164.0,164,101.696244
-158.0,158,101.740154
-168.0,168,101.785237
-180.0,180,101.839961
-124.0,124,101.874779
-156.0,156,101.91835
-154.0,154,101.958876
-162.0,162,102.009115
-158.0,158,102.049872
-156.0,156,102.093539
-91.0,91,102.120137
-152.0,152,102.162838
-166.0,166,102.21077
-158.0,158,102.254816
-161.0,161,102.299913
-167.0,167,102.346765
-158.0,158,102.390901
-155.0,155,102.434818
-101.0,101,102.461924
-158.0,158,102.5111
-149.0,149,102.551645
-156.0,156,102.595687
-158.0,158,102.639953
-150.0,150,102.682486
-153.0,153,102.726412
-145.0,145,102.766338
-149.0,149,102.80676
-160.0,160,102.853366
-160.0,160,102.89908
-144.0,144,102.938748
-152.0,152,102.982514
-156.0,156,103.025603
-161.0,161,103.071393
-142.0,142,103.110885
-159.0,159,103.155024
-161.0,161,103.201814
-153.0,153,103.245599
-160.0,160,103.289501
-148.0,148,103.330035
-143.0,143,103.375665
-173.0,173,103.424169
-157.0,157,103.468384
-156.0,156,103.509155
-91.0,91,103.537834
-164.0,164,103.582588
-146.0,146,103.625623
-156.0,156,103.666512
-200.0,200,103.725526
-162.0,162,103.769634
-159.0,159,103.8143
-200.0,200,103.867636
-168.0,168,103.91855
-200.0,200,103.972169
-145.0,145,104.011714
-147.0,147,104.055184
-158.0,158,104.101225
-156.0,156,104.145623
-159.0,159,104.189738
-149.0,149,104.230719
-200.0,200,104.291372
-157.0,157,104.335867
-200.0,200,104.389127
-144.0,144,104.428862
-200.0,200,104.49026
-146.0,146,104.530361
-151.0,151,104.570797
-145.0,145,104.610944
-151.0,151,104.65783
-200.0,200,104.711377
-152.0,152,104.755074
-153.0,153,104.795098
-150.0,150,104.84408
-168.0,168,104.889105
-150.0,150,104.932694
-200.0,200,104.986915
-147.0,147,105.030059
-153.0,153,105.073738
-103.0,103,105.100992
-146.0,146,105.141281
-157.0,157,105.187728
-165.0,165,105.236095
-153.0,153,105.276232
-156.0,156,105.320066
-181.0,181,105.37246
-200.0,200,105.429275
-181.0,181,105.477811
-200.0,200,105.534855
-161.0,161,105.585128
-200.0,200,105.638736
-200.0,200,105.696078
-167.0,167,105.740701
-200.0,200,105.800177
-174.0,174,105.845683
-200.0,200,105.904583
-200.0,200,105.958823
-200.0,200,106.019211
-200.0,200,106.07296
-200.0,200,106.129974
-200.0,200,106.183724
-154.0,154,106.229932
-200.0,200,106.286882
-200.0,200,106.340335
-200.0,200,106.397711
-200.0,200,106.456186
-200.0,200,106.513434
-200.0,200,106.567456
-200.0,200,106.624157
-200.0,200,106.680671
-200.0,200,106.737824
-200.0,200,106.791788
-136.0,136,106.831186
-190.0,190,106.883932
-200.0,200,106.940873
-200.0,200,106.994903
-137.0,137,107.03466
-120.0,120,107.06861
-177.0,177,107.120834
-200.0,200,107.174509
-136.0,136,107.214556
-127.0,127,107.251426
-118.0,118,107.286675
-161.0,161,107.332882
-200.0,200,107.387104
-113.0,113,107.420503
-114.0,114,107.455237
-200.0,200,107.50875
-123.0,123,107.544126
-200.0,200,107.600546
-110.0,110,107.631313
-116.0,116,107.662546
-114.0,114,107.697659
-119.0,119,107.731884
-122.0,122,107.767134
-121.0,121,107.798774
-115.0,115,107.829848
-200.0,200,107.891737
-114.0,114,107.923072
-176.0,176,107.971795
-118.0,118,108.003098
-112.0,112,108.036308
-112.0,112,108.067713
-116.0,116,108.102071
-110.0,110,108.129229
-190.0,190,108.185039
-131.0,131,108.224213
-180.0,180,108.273119
-149.0,149,108.31356
-200.0,200,108.373027
-182.0,182,108.42203
-114.0,114,108.452896
-111.0,111,108.483897
-191.0,191,108.543317
-147.0,147,108.583825
-109.0,109,108.614706
-112.0,112,108.645741
-182.0,182,108.697518
-166.0,166,108.747191
-117.0,117,108.778639
-160.0,160,108.822767
-131.0,131,108.860836
-115.0,115,108.892387
-113.0,113,108.923757
-189.0,189,108.976392
-160.0,160,109.022805
-168.0,168,109.071466
-177.0,177,109.120099
-180.0,180,109.169099
-166.0,166,109.219032
-200.0,200,109.276745
-190.0,190,109.32949
-188.0,188,109.382849
-117.0,117,109.417059
-142.0,142,109.457234
-113.0,113,109.488262
-113.0,113,109.519026
-131.0,131,109.557671
-109.0,109,109.589088
-117.0,117,109.620585
-182.0,182,109.673163
-146.0,146,109.715498
-177.0,177,109.764697
-175.0,175,109.813192
-186.0,186,109.862399
-116.0,116,109.901935
-113.0,113,109.933426
-154.0,154,109.974131
-150.0,150,110.022324
-183.0,183,110.074485
-110.0,110,110.106096
-151.0,151,110.1476
-177.0,177,110.196555
-164.0,164,110.247145
-118.0,118,110.27877
-114.0,114,110.30996
-168.0,168,110.357897
-147.0,147,110.400144
-157.0,157,110.444313
-185.0,185,110.493484
-146.0,146,110.53386
-126.0,126,110.575805
-200.0,200,110.633897
-157.0,157,110.677947
-156.0,156,110.718617
-111.0,111,110.752267
-200.0,200,110.809559
-161.0,161,110.853709
-121.0,121,110.885498
-148.0,148,110.931645
-160.0,160,110.976288
-160.0,160,111.020502
-172.0,172,111.065658
-115.0,115,111.10281
-112.0,112,111.13477
-123.0,123,111.167488
-166.0,166,111.215838
-173.0,173,111.266007
-121.0,121,111.301648
-181.0,181,111.350583
-107.0,107,111.381662
-111.0,111,111.415778
-178.0,178,111.465112
-174.0,174,111.514078
-174.0,174,111.564418
-115.0,115,111.598217
-106.0,106,111.629058
-200.0,200,111.68271
-122.0,122,111.717973
-90.0,90,111.742919
-120.0,120,111.778091
-185.0,185,111.827795
-108.0,108,111.858782
-102.0,102,111.894747
-108.0,108,111.922849
-186.0,186,111.976436
-125.0,125,112.011856
-118.0,118,112.045852
-153.0,153,112.090023
-91.0,91,112.112901
-139.0,139,112.152413
-158.0,158,112.199048
-149.0,149,112.239439
-120.0,120,112.274585
-155.0,155,112.315735
-168.0,168,112.366181
-106.0,106,112.396817
-163.0,163,112.441178
-118.0,118,112.47287
-200.0,200,112.535122
-159.0,159,112.579431
-138.0,138,112.615896
-129.0,129,112.65147
-200.0,200,112.7111
-148.0,148,112.75122
-198.0,198,112.804558
-157.0,157,112.849113
-161.0,161,112.895745
-156.0,156,112.939806
-200.0,200,113.00288
-159.0,159,113.043811
-132.0,132,113.085316
-197.0,197,113.13956
-186.0,186,113.192516
-165.0,165,113.237317
-143.0,143,113.282785
-162.0,162,113.327769
-141.0,141,113.36781
-180.0,180,113.420065
-171.0,171,113.471948
-166.0,166,113.517086
-176.0,176,113.566198
-162.0,162,113.610932
-170.0,170,113.662132
-166.0,166,113.707604
-153.0,153,113.751504
-157.0,157,113.795774
-152.0,152,113.838589
-145.0,145,113.878881
-152.0,152,113.922488
-155.0,155,113.963289
-149.0,149,114.01244
-156.0,156,114.053979
-117.0,117,114.088891
-157.0,157,114.134589
-188.0,188,114.189602
-111.0,111,114.221351
-150.0,150,114.266012
-176.0,176,114.31491
-153.0,153,114.358697
-110.0,110,114.389752
-162.0,162,114.435853
-174.0,174,114.484635
-111.0,111,114.517798
-151.0,151,114.558513
-113.0,113,114.592754
-106.0,106,114.620011
-101.0,101,114.651553
-106.0,106,114.682668
-147.0,147,114.72319
-122.0,122,114.758469
-152.0,152,114.80147
-148.0,148,114.845223
-113.0,113,114.876555
-112.0,112,114.907474
-106.0,106,114.937018
-89.0,89,114.963588
-147.0,147,115.003904
-119.0,119,115.03851
-144.0,144,115.081382
-90.0,90,115.104224
-92.0,92,115.13056
-105.0,105,115.157534
-108.0,108,115.193664
-123.0,123,115.22971
-131.0,131,115.265825
-113.0,113,115.296804
-113.0,113,115.330612
-113.0,113,115.361726
-125.0,125,115.397857
-141.0,141,115.437338
-125.0,125,115.475128
-114.0,114,115.506243
-109.0,109,115.536934
-200.0,200,115.590632
-127.0,127,115.628539
-112.0,112,115.660012
-118.0,118,115.69174
-115.0,115,115.726699
-138.0,138,115.768644
-144.0,144,115.80885
-198.0,198,115.867581
-174.0,174,115.916528
-183.0,183,115.968196
-140.0,140,116.008052
-146.0,146,116.048212
-146.0,146,116.088519
-173.0,173,116.139201
-126.0,126,116.17468
-150.0,150,116.21483
-140.0,140,116.256518
-151.0,151,116.300553
-189.0,189,116.354577
-110.0,110,116.385841
-106.0,106,116.416844
-167.0,167,116.46724
-172.0,172,116.516066
-166.0,166,116.560338
-143.0,143,116.600876
-115.0,115,116.634475
-142.0,142,116.674289
-200.0,200,116.730912
-106.0,106,116.758631
-152.0,152,116.805127
-139.0,139,116.84136
-165.0,165,116.889738
-137.0,137,116.926417
-155.0,155,116.976551
-141.0,141,117.018162
-164.0,164,117.063128
-194.0,194,117.116892
-200.0,200,117.176845
-194.0,194,117.230347
-171.0,171,117.277692
-200.0,200,117.335494
-184.0,184,117.387413
-200.0,200,117.444892
-200.0,200,117.498996
-199.0,199,117.555984
-200.0,200,117.61235
-200.0,200,117.66943
-187.0,187,117.7223
-200.0,200,117.77598
-167.0,167,117.826847
-200.0,200,117.880792
-200.0,200,117.93788
-85.0,85,117.96063
-172.0,172,118.011685
-200.0,200,118.065157
-200.0,200,118.126348
-148.0,148,118.166422
-200.0,200,118.233533
-200.0,200,118.291107
-200.0,200,118.34521
-200.0,200,118.402162
-200.0,200,118.458076
-200.0,200,118.515611
-200.0,200,118.569554
-200.0,200,118.626901
-200.0,200,118.683116
-200.0,200,118.744002
-200.0,200,118.79783
-200.0,200,118.856624
-200.0,200,118.91307
-200.0,200,118.970252
-200.0,200,119.024438
-182.0,182,119.077272
-200.0,200,119.136213
-156.0,156,119.18061
-200.0,200,119.236056
-200.0,200,119.297743
-200.0,200,119.354936
-200.0,200,119.412997
-200.0,200,119.466766
-200.0,200,119.524694
-200.0,200,119.584099
-200.0,200,119.644531
-169.0,169,119.693645
-200.0,200,119.748365
-200.0,200,119.808466
-200.0,200,119.863021
-200.0,200,119.920798
-200.0,200,119.974899
-193.0,193,120.030806
-183.0,183,120.083292
-152.0,152,120.125727
-150.0,150,120.166474
-157.0,157,120.215973
-198.0,198,120.273507
-200.0,200,120.327489
-197.0,197,120.381123
-181.0,181,120.43651
-181.0,181,120.485264
-200.0,200,120.543126
-175.0,175,120.588862
-174.0,174,120.640054
-149.0,149,120.683733
-182.0,182,120.733441
-170.0,170,120.781794
-174.0,174,120.832697
-162.0,162,120.877531
-127.0,127,120.912881
-143.0,143,120.952581
-115.0,115,120.986607
-160.0,160,121.031826
-91.0,91,121.054622
-109.0,109,121.085425
-104.0,104,121.121038
-113.0,113,121.152749
-180.0,180,121.202229
-199.0,199,121.256209
-96.0,96,121.285235
-172.0,172,121.334165
-118.0,118,121.369258
-151.0,151,121.409803
-87.0,87,121.435137
-193.0,193,121.492444
-146.0,146,121.532756
-200.0,200,121.588683
-124.0,124,121.626548
-200.0,200,121.684957
-194.0,194,121.747179
-113.0,113,121.77942
-107.0,107,121.809695
-98.0,98,121.837826
-107.0,107,121.869303
-163.0,163,121.914432
-155.0,155,121.968387
-186.0,186,122.023516
-88.0,88,122.046675
-153.0,153,122.091053
-170.0,170,122.139146
-133.0,133,122.178707
-200.0,200,122.23258
-109.0,109,122.263768
-200.0,200,122.320003
-113.0,113,122.35149
-114.0,114,122.386196
-113.0,113,122.417496
-87.0,87,122.442494
-130.0,130,122.478808
-149.0,149,122.522327
-113.0,113,122.55363
-172.0,172,122.601319
-89.0,89,122.627992
-145.0,145,122.668465
-90.0,90,122.694778
-100.0,100,122.72644
-160.0,160,122.771906
-186.0,186,122.821808
-184.0,184,122.874909
-95.0,95,122.903838
-171.0,171,122.952852
-172.0,172,122.9997
-148.0,148,123.043067
-96.0,96,123.071986
-179.0,179,123.12149
-125.0,125,123.156917
-125.0,125,123.189012
-107.0,107,123.222522
-110.0,110,123.254042
-118.0,118,123.286032
-114.0,114,123.317412
-155.0,155,123.364349
-112.0,112,123.395723
-125.0,125,123.430753
-92.0,92,123.457311
-122.0,122,123.493252
-178.0,178,123.542465
-171.0,171,123.591004
-143.0,143,123.631271
-142.0,142,123.673504
-140.0,140,123.713392
-135.0,135,123.749581
-132.0,132,123.785939
-112.0,112,123.819625
-113.0,113,123.851119
-161.0,161,123.898933
-94.0,94,123.921904
-150.0,150,123.968499
-151.0,151,124.009186
-139.0,139,124.049014
-149.0,149,124.088993
-114.0,114,124.124252
-145.0,145,124.168121
-156.0,156,124.21287
-113.0,113,124.244379
-136.0,136,124.289238
-88.0,88,124.313053
-139.0,139,124.352768
-118.0,118,124.384401
-113.0,113,124.419931
-137.0,137,124.459867
-110.0,110,124.492293
-147.0,147,124.532512
-121.0,121,124.570448
-200.0,200,124.624103
-140.0,140,124.664257
-200.0,200,124.718214
-110.0,110,124.751513
-141.0,141,124.791572
-139.0,139,124.831214
-200.0,200,124.885225
-139.0,139,124.929697
-143.0,143,124.973754
-138.0,138,125.011314
-137.0,137,125.051007
-134.0,134,125.089835
-136.0,136,125.129048
-139.0,139,125.168978
-159.0,159,125.209898
-136.0,136,125.251881
-140.0,140,125.292023
-157.0,157,125.336305
-147.0,147,125.376362
-109.0,109,125.409024
-109.0,109,125.436388
-164.0,164,125.484129
-149.0,149,125.52449
-107.0,107,125.557381
-145.0,145,125.59736
-157.0,157,125.638019
-159.0,159,125.68234
-111.0,111,125.717626
-160.0,160,125.76215
-154.0,154,125.805812
-153.0,153,125.851407
-160.0,160,125.898494
-168.0,168,125.943156
-164.0,164,125.98753
-154.0,154,126.031632
-168.0,168,126.078993
-155.0,155,126.12285
-156.0,156,126.166912
-174.0,174,126.215777
-151.0,151,126.258311
-156.0,156,126.302303
-149.0,149,126.342769
-177.0,177,126.391658
-157.0,157,126.437946
-140.0,140,126.477349
-152.0,152,126.517597
-171.0,171,126.565961
-161.0,161,126.615559
-181.0,181,126.664819
-103.0,103,126.695924
-174.0,174,126.744249
-171.0,171,126.791898
-153.0,153,126.835948
-200.0,200,126.889867
-200.0,200,126.946838
-167.0,167,126.994163
-159.0,159,127.038691
-167.0,167,127.086934
-191.0,191,127.13998
-150.0,150,127.182738
-170.0,170,127.231616
-167.0,167,127.27822
-166.0,166,127.325824
-93.0,93,127.350997
-156.0,156,127.395793
-143.0,143,127.43545
-105.0,105,127.466255
-164.0,164,127.515539
-146.0,146,127.55571
-142.0,142,127.595575
-141.0,141,127.635671
-154.0,154,127.679014
-90.0,90,127.705622
-147.0,147,127.745564
-90.0,90,127.771698
-142.0,142,127.813808
-144.0,144,127.853231
-86.0,86,127.87613
-157.0,157,127.920365
-140.0,140,127.962622
-144.0,144,128.002854
-157.0,157,128.04398
-143.0,143,128.08403
-171.0,171,128.13515
-143.0,143,128.175157
-139.0,139,128.215094
-147.0,147,128.255517
-138.0,138,128.297047
-143.0,143,128.33667
-137.0,137,128.375886
-148.0,148,128.416658
-151.0,151,128.463047
-148.0,148,128.50375
-147.0,147,128.543877
-110.0,110,128.575128
-144.0,144,128.617633
-161.0,161,128.661898
-156.0,156,128.707785
-145.0,145,128.747804
-160.0,160,128.794567
-90.0,90,128.817701
-144.0,144,128.857546
-162.0,162,128.906025
-168.0,168,128.953102
-149.0,149,128.993095
-137.0,137,129.03249
-175.0,175,129.08128
-140.0,140,129.125508
-147.0,147,129.1674
-152.0,152,129.209469
-145.0,145,129.251059
-156.0,156,129.298413
-150.0,150,129.340121
-147.0,147,129.385414
-142.0,142,129.426578
-143.0,143,129.466346
-135.0,135,129.506956
-145.0,145,129.547741
-139.0,139,129.588763
-136.0,136,129.627942
-145.0,145,129.669171
-130.0,130,129.706394
-134.0,134,129.747083
-187.0,187,129.800012
-200.0,200,129.85746
-191.0,191,129.911004
-143.0,143,129.953846
-143.0,143,130.000826
-150.0,150,130.04373
-136.0,136,130.085314
-138.0,138,130.125903
-147.0,147,130.170765
-149.0,149,130.217225
-173.0,173,130.267163
-171.0,171,130.312891
-139.0,139,130.355363
-143.0,143,130.396854
-185.0,185,130.448783
-130.0,130,130.490327
-150.0,150,130.535492
-142.0,142,130.578313
-149.0,149,130.621988
-150.0,150,130.665812
-140.0,140,130.708997
-170.0,170,130.759476
-198.0,198,130.815092
-140.0,140,130.857752
-168.0,168,130.912346
-189.0,189,130.970558
-200.0,200,131.033654
-200.0,200,131.092253
-142.0,142,131.138793
-140.0,140,131.181767
-162.0,162,131.230756
-146.0,146,131.274796
-146.0,146,131.320549
-136.0,136,131.362903
-172.0,172,131.415341
-195.0,195,131.4709
-150.0,150,131.515627
-145.0,145,131.558127
-139.0,139,131.598876
-170.0,170,131.647188
-169.0,169,131.699233
-169.0,169,131.748959
-146.0,146,131.790131
-147.0,147,131.831792
-144.0,144,131.877373
-166.0,166,131.92328
-148.0,148,131.96768
-112.0,112,131.999147
-148.0,148,132.042223
-141.0,141,132.082725
-164.0,164,132.127895
-154.0,154,132.169488
-163.0,163,132.225982
-153.0,153,132.268204
-90.0,90,132.295589
-112.0,112,132.328035
-193.0,193,132.386385
-117.0,117,132.4191
-115.0,115,132.452062
-112.0,112,132.48416
-187.0,187,132.541077
-111.0,111,132.572791
-119.0,119,132.604697
-121.0,121,132.640351
-115.0,115,132.676981
-115.0,115,132.708892
-114.0,114,132.743692
-112.0,112,132.774914
-119.0,119,132.809114
-95.0,95,132.835859
-189.0,189,132.888922
-116.0,116,132.920346
-121.0,121,132.958222
-191.0,191,133.008193
-120.0,120,133.043242
-120.0,120,133.076789
-121.0,121,133.114363
-130.0,130,133.150573
-118.0,118,133.185503
-99.0,99,133.2122
-105.0,105,133.242187
-117.0,117,133.277501
-121.0,121,133.309726
-122.0,122,133.344979
-120.0,120,133.381735
-117.0,117,133.418239
-117.0,117,133.451004
-121.0,121,133.484015
-114.0,114,133.521844
-173.0,173,133.568931
-118.0,118,133.604357
-118.0,118,133.636066
-123.0,123,133.674253
-117.0,117,133.705954
-119.0,119,133.741932
-123.0,123,133.77487
-112.0,112,133.811647
-126.0,126,133.850721
-160.0,160,133.898004
-123.0,123,133.935711
-125.0,125,133.974357
-155.0,155,134.017955
-125.0,125,134.055764
-169.0,169,134.106797
-127.0,127,134.148815
-120.0,120,134.183356
-120.0,120,134.221866
-169.0,169,134.269794
-183.0,183,134.327962
-173.0,173,134.375404
-150.0,150,134.419763
-152.0,152,134.460714
-89.0,89,134.489847
-191.0,191,134.546542
-167.0,167,134.592965
-164.0,164,134.643198
-99.0,99,134.674489
-149.0,149,134.717452
-141.0,141,134.759023
-140.0,140,134.800933
-145.0,145,134.844777
-141.0,141,134.882231
-90.0,90,134.909337
-137.0,137,134.949655
-166.0,166,135.000853
-147.0,147,135.041623
-150.0,150,135.086581
-149.0,149,135.127109
-159.0,159,135.174876
-200.0,200,135.229726
-105.0,105,135.261626
-114.0,114,135.29444
-154.0,154,135.342686
-115.0,115,135.374948
-157.0,157,135.420334
-100.0,100,135.448031
-173.0,173,135.499982
-121.0,121,135.532306
-146.0,146,135.574043
-103.0,103,135.606153
-151.0,151,135.650445
-148.0,148,135.695517
-117.0,117,135.727976
-109.0,109,135.75993
-165.0,165,135.826389
-163.0,163,135.872537
-114.0,114,135.904736
-95.0,95,135.932167
-111.0,111,135.966626
-112.0,112,135.998609
-115.0,115,136.032135
-116.0,116,136.067779
-111.0,111,136.102003
-166.0,166,136.147484
-91.0,91,136.174077
-118.0,118,136.207911
-165.0,165,136.256299
-152.0,152,136.30189
-115.0,115,136.33363
-117.0,117,136.365577
-98.0,98,136.397579
-114.0,114,136.433126
-139.0,139,136.469931
-108.0,108,136.501555
-149.0,149,136.544135
-154.0,154,136.588511
-160.0,160,136.632895
-157.0,157,136.677436
-119.0,119,136.711904
-111.0,111,136.743277
-154.0,154,136.787593
-113.0,113,136.81871
-153.0,153,136.862206
-154.0,154,136.906367
-111.0,111,136.937266
-156.0,156,136.981787
-112.0,112,137.015727
-111.0,111,137.047084
-126.0,126,137.079155
-115.0,115,137.113809
-156.0,156,137.16022
-155.0,155,137.205579
-155.0,155,137.249883
-159.0,159,137.294796
-141.0,141,137.337118
-109.0,109,137.364948
-154.0,154,137.409293
-156.0,156,137.455611
-153.0,153,137.499011
-110.0,110,137.530327
-132.0,132,137.566282
-157.0,157,137.611144
-133.0,133,137.652991
-110.0,110,137.68108
-113.0,113,137.712618
-109.0,109,137.74341
-176.0,176,137.80267
-134.0,134,137.853074
-110.0,110,137.892839
-156.0,156,137.941649
-91.0,91,137.972776
-182.0,182,138.023494
-111.0,111,138.054871
-156.0,156,138.099685
-153.0,153,138.146031
-137.0,137,138.182435
-131.0,131,138.218663
-157.0,157,138.263039
-156.0,156,138.310005
-159.0,159,138.354746
-159.0,159,138.399889
-116.0,116,138.431591
-114.0,114,138.465583
-179.0,179,138.515277
-162.0,162,138.559968
-158.0,158,138.604829
-143.0,143,138.650631
-141.0,141,138.690739
-155.0,155,138.735504
-172.0,172,138.784952
-166.0,166,138.832574
-161.0,161,138.877529
-154.0,154,138.925975
-116.0,116,138.957416
-115.0,115,138.991053
-170.0,170,139.040153
-183.0,183,139.089921
-200.0,200,139.15287
-183.0,183,139.205402
-149.0,149,139.246261
-155.0,155,139.290687
-149.0,149,139.33145
-200.0,200,139.39455
-162.0,162,139.439688
-185.0,185,139.492393
-200.0,200,139.546362
-200.0,200,139.606348
-200.0,200,139.660879
-143.0,143,139.701542
-177.0,177,139.750963
-200.0,200,139.811261
-114.0,114,139.84273
-92.0,92,139.865755
-155.0,155,139.909833
-123.0,123,139.947723
-200.0,200,140.002072
-200.0,200,140.059796
-186.0,186,140.109541
-135.0,135,140.153941
-157.0,157,140.198715
-200.0,200,140.253076
-182.0,182,140.306528
-87.0,87,140.331701
-200.0,200,140.387848
-200.0,200,140.444805
-107.0,107,140.475954
-135.0,135,140.514428
-177.0,177,140.56352
-153.0,153,140.607733
-200.0,200,140.662074
-168.0,168,140.713106
-200.0,200,140.767338
-200.0,200,140.824817
-146.0,146,140.865206
-146.0,146,140.910157
-200.0,200,140.96421
-110.0,110,140.99552
-191.0,191,141.048677
-197.0,197,141.107997
-168.0,168,141.153121
-148.0,148,141.193539
-162.0,162,141.238567
-176.0,176,141.289945
-156.0,156,141.334098
-143.0,143,141.37411
-168.0,168,141.422686
-168.0,168,141.470321
-152.0,152,141.514458
-193.0,193,141.567613
-177.0,177,141.616645
-152.0,152,141.663549
-93.0,93,141.690393
-168.0,168,141.739047
-135.0,135,141.776749
-156.0,156,141.822972
-124.0,124,141.858325
-141.0,141,141.894682
-145.0,145,141.934998
-119.0,119,141.972356
-168.0,168,142.021381
-165.0,165,142.076067
-104.0,104,142.10614
-150.0,150,142.155737
-145.0,145,142.197938
-152.0,152,142.240493
-193.0,193,142.295567
-181.0,181,142.349351
-145.0,145,142.393151
-189.0,189,142.443008
-172.0,172,142.492386
-153.0,153,142.539281
-149.0,149,142.580106
-147.0,147,142.620328
-158.0,158,142.664587
-150.0,150,142.708134
-177.0,177,142.757371
-193.0,193,142.814512
-128.0,128,142.850297
-120.0,120,142.884672
-140.0,140,142.924514
-168.0,168,142.969482
-113.0,113,143.00105
-147.0,147,143.049602
-169.0,169,143.094843
-200.0,200,143.151967
-200.0,200,143.206332
-200.0,200,143.268647
-200.0,200,143.322201
-200.0,200,143.379609
-185.0,185,143.43007
-191.0,191,143.486427
-147.0,147,143.526848
-158.0,158,143.571298
-143.0,143,143.611376
-143.0,143,143.655378
-160.0,160,143.700488
-140.0,140,143.740455
-167.0,167,143.785682
-166.0,166,143.836677
-200.0,200,143.890914
-200.0,200,143.948913
-200.0,200,144.003081
-198.0,198,144.059642
-200.0,200,144.117275
-200.0,200,144.171661
-200.0,200,144.229025
-105.0,105,144.262141
-200.0,200,144.316092
-200.0,200,144.373187
-145.0,145,144.413608
-200.0,200,144.473213
-200.0,200,144.530927
-148.0,148,144.571208
-200.0,200,144.625319
-200.0,200,144.686264
-200.0,200,144.740138
-155.0,155,144.784497
-200.0,200,144.842115
-200.0,200,144.899212
-200.0,200,144.957213
-200.0,200,145.0113
-200.0,200,145.068605
-200.0,200,145.128354
-200.0,200,145.185789
-200.0,200,145.240595
-150.0,150,145.281475
-200.0,200,145.341012
-200.0,200,145.395026
-200.0,200,145.452765
-200.0,200,145.507009
-200.0,200,145.566746
-200.0,200,145.62072
-200.0,200,145.678596
-200.0,200,145.732422
-200.0,200,145.792386
-200.0,200,145.846576
-200.0,200,145.904268
-200.0,200,145.958016
-200.0,200,146.021411
-200.0,200,146.076975
-200.0,200,146.134997
-173.0,173,146.185004
-200.0,200,146.241971
-200.0,200,146.306551
-125.0,125,146.345838
-200.0,200,146.40119
-200.0,200,146.464064
-200.0,200,146.518658
-159.0,159,146.563424
-178.0,178,146.612628
-200.0,200,146.675455
-124.0,124,146.707952
-200.0,200,146.765365
-157.0,157,146.810038
-200.0,200,146.86666
-200.0,200,146.923733
-200.0,200,146.978015
-178.0,178,147.026628
-132.0,132,147.068408
-129.0,129,147.105183
-161.0,161,147.150861
-121.0,121,147.182539
-142.0,142,147.224808
-173.0,173,147.273472
-103.0,103,147.300797
-100.0,100,147.331119
-180.0,180,147.386578
-177.0,177,147.435728
-200.0,200,147.491327
-193.0,193,147.545557
-159.0,159,147.59334
-128.0,128,147.629162
-122.0,122,147.664577
-151.0,151,147.705423
-169.0,169,147.755738
-97.0,97,147.782564
-172.0,172,147.831108
-119.0,119,147.862964
-176.0,176,147.917776
-91.0,91,147.944221
-182.0,182,147.993745
-155.0,155,148.038192
-110.0,110,148.071331
-171.0,171,148.120065
-127.0,127,148.155656
-138.0,138,148.191978
-148.0,148,148.235265
-200.0,200,148.292461
-116.0,116,148.323801
-185.0,185,148.37703
-152.0,152,148.420022
-121.0,121,148.455093
-129.0,129,148.4905
-90.0,90,148.513667
-99.0,99,148.549235
-193.0,193,148.602901
-153.0,153,148.64339
-119.0,119,148.678649
-113.0,113,148.713041
-89.0,89,148.735969
-108.0,108,148.766813
-114.0,114,148.797739
-129.0,129,148.83616
-114.0,114,148.867996
-169.0,169,148.918431
-163.0,163,148.96322
-114.0,114,148.996745
-110.0,110,149.028007
-101.0,101,149.054976
-200.0,200,149.11225
-161.0,161,149.162275
-179.0,179,149.212001
-112.0,112,149.245257
-138.0,138,149.2887
-120.0,120,149.32363
-171.0,171,149.373241
-178.0,178,149.422876
-173.0,173,149.472469
-154.0,154,149.519388
-120.0,120,149.551551
-177.0,177,149.600816
-151.0,151,149.645069
-170.0,170,149.695808
-111.0,111,149.728701
-171.0,171,149.777604
-89.0,89,149.800924
-175.0,175,149.853512
-109.0,109,149.886208
-117.0,117,149.920405
-173.0,173,149.971927
-180.0,180,150.030164
-153.0,153,150.071452
-169.0,169,150.120894
-114.0,114,150.152457
-156.0,156,150.199371
-180.0,180,150.249432
-175.0,175,150.299124
-157.0,157,150.343649
-168.0,168,150.39283
-110.0,110,150.424176
-161.0,161,150.468769
-165.0,165,150.513607
-140.0,140,150.556126
-167.0,167,150.601251
-148.0,148,150.644893
-135.0,135,150.681248
-116.0,116,150.717012
-169.0,169,150.766555
-141.0,141,150.806249
-88.0,88,150.828991
-113.0,113,150.862666
-144.0,144,150.902906
-160.0,160,150.947842
-108.0,108,150.979208
-182.0,182,151.030873
-106.0,106,151.062128
-114.0,114,151.093375
-159.0,159,151.13798
-144.0,144,151.18022
-142.0,142,151.220717
-134.0,134,151.256604
-152.0,152,151.30104
-164.0,164,151.348456
-179.0,179,151.397485
-109.0,109,151.428483
-141.0,141,151.468672
-157.0,157,151.518535
-166.0,166,151.56512
-165.0,165,151.611046
-169.0,169,151.660883
-111.0,111,151.694272
-124.0,124,151.730065
-110.0,110,151.76137
-125.0,125,151.79527
-144.0,144,151.837951
-148.0,148,151.8819
-108.0,108,151.909803
-108.0,108,151.941454
-198.0,198,152.002848
-137.0,137,152.039848
-155.0,155,152.085018
-113.0,113,152.117227
-109.0,109,152.151841
-107.0,107,152.180257
-122.0,122,152.216781
-140.0,140,152.256961
-109.0,109,152.292294
-88.0,88,152.315876
-107.0,107,152.347141
-104.0,104,152.37629
-154.0,154,152.423414
-153.0,153,152.464576
-107.0,107,152.495966
-111.0,111,152.52728
-120.0,120,152.565764
-134.0,134,152.602278
-160.0,160,152.647567
-195.0,195,152.702145
-177.0,177,152.753697
-156.0,156,152.798183
-111.0,111,152.829019
-112.0,112,152.860522
-120.0,120,152.894795
-111.0,111,152.926813
-183.0,183,152.985753
-195.0,195,153.042333
-184.0,184,153.097116
-167.0,167,153.146591
-111.0,111,153.17861
-187.0,187,153.228861
-123.0,123,153.270341
-125.0,125,153.308991
-127.0,127,153.344919
-119.0,119,153.376923
-106.0,106,153.410365
-170.0,170,153.459082
-151.0,151,153.49943
-131.0,131,153.535435
-200.0,200,153.595299
-200.0,200,153.648666
-153.0,153,153.692705
-119.0,119,153.724872
-113.0,113,153.758345
-109.0,109,153.789582
-142.0,142,153.829258
-200.0,200,153.883451
-115.0,115,153.923572
-187.0,187,153.973605
-182.0,182,154.026214
-183.0,183,154.075759
-138.0,138,154.118058
-121.0,121,154.149839
-108.0,108,154.180727
-178.0,178,154.230229
-152.0,152,154.27599
-125.0,125,154.311794
-123.0,123,154.343704
-121.0,121,154.379221
-124.0,124,154.41708
-169.0,169,154.462795
-136.0,136,154.502048
-109.0,109,154.52956
-116.0,116,154.566804
-112.0,112,154.598321
-116.0,116,154.629485
-124.0,124,154.664597
-113.0,113,154.70262
-120.0,120,154.735231
-110.0,110,154.76695
-147.0,147,154.807424
-146.0,146,154.850184
-110.0,110,154.881653
-113.0,113,154.913488
-110.0,110,154.944799
-115.0,115,154.978563
-117.0,117,155.013519
-105.0,105,155.040875
-167.0,167,155.089503
-181.0,181,155.141373
-159.0,159,155.185526
-171.0,171,155.234462
-132.0,132,155.270623
-174.0,174,155.32406
-166.0,166,155.368962
-177.0,177,155.418097
-171.0,171,155.466652
-160.0,160,155.513706
-157.0,157,155.557754
-163.0,163,155.602637
-162.0,162,155.647159
-111.0,111,155.680748
-168.0,168,155.726014
-145.0,145,155.769709
-111.0,111,155.797568
-144.0,144,155.840199
-145.0,145,155.885461
-190.0,190,155.936338
-123.0,123,155.972028
-118.0,118,156.006056
-160.0,160,156.051583
-148.0,148,156.096093
-119.0,119,156.130754
-88.0,88,156.163128
-112.0,112,156.195759
-111.0,111,156.227599
-150.0,150,156.268829
-114.0,114,156.303486
-162.0,162,156.348937
-110.0,110,156.380292
-141.0,141,156.421004
-182.0,182,156.473855
-172.0,172,156.522366
-140.0,140,156.562163
-111.0,111,156.593216
-200.0,200,156.650594
-112.0,112,156.68173
-200.0,200,156.739413
-110.0,110,156.770519
-160.0,160,156.818125
-164.0,164,156.863009
-185.0,185,156.913205
-175.0,175,156.962298
-150.0,150,157.01115
-124.0,124,157.043091
-106.0,106,157.07385
-168.0,168,157.122274
-200.0,200,157.179017
-179.0,179,157.228437
-118.0,118,157.263298
-151.0,151,157.30397
-177.0,177,157.355559
-200.0,200,157.412984
-200.0,200,157.466926
-169.0,169,157.515375
-145.0,145,157.559265
-156.0,156,157.603579
-169.0,169,157.648981
-170.0,170,157.69797
-163.0,163,157.74518
-165.0,165,157.789903
-149.0,149,157.833533
-169.0,169,157.878588
-106.0,106,157.913416
-146.0,146,157.954269
-105.0,105,157.981645
-174.0,174,158.030283
-112.0,112,158.063811
-174.0,174,158.112517
-114.0,114,158.143669
-112.0,112,158.174955
-173.0,173,158.225818
-152.0,152,158.269917
-200.0,200,158.323836
-189.0,189,158.381611
-175.0,175,158.433012
-129.0,129,158.468707
-174.0,174,158.517464
-169.0,169,158.562881
-161.0,161,158.60965
-114.0,114,158.644665
-114.0,114,158.676063
-167.0,167,158.720926
-200.0,200,158.78256
-183.0,183,158.831981
-157.0,157,158.876611
-116.0,116,158.907785
-146.0,146,158.951811
-159.0,159,158.996664
-186.0,186,159.049478
-142.0,142,159.089283
-131.0,131,159.127401
-171.0,171,159.176138
-153.0,153,159.216734
-140.0,140,159.256828
-145.0,145,159.299257
-139.0,139,159.338819
-146.0,146,159.379273
-139.0,139,159.415226
-200.0,200,159.474514
-143.0,143,159.514773
-121.0,121,159.546722
-200.0,200,159.603961
-164.0,164,159.653066
-125.0,125,159.688662
-161.0,161,159.733211
-148.0,148,159.77396
-200.0,200,159.833254
-135.0,135,159.869465
-138.0,138,159.909476
-162.0,162,159.953954
-130.0,130,159.991718
-172.0,172,160.040366
-149.0,149,160.08077
-139.0,139,160.12051
-151.0,151,160.163413
-185.0,185,160.216634
-130.0,130,160.252028
-139.0,139,160.292043
-110.0,110,160.32527
-148.0,148,160.367839
-182.0,182,160.417372
-188.0,188,160.470534
-162.0,162,160.51997
-133.0,133,160.556321
-147.0,147,160.599879
-148.0,148,160.639973
-117.0,117,160.673724
-154.0,154,160.718317
-200.0,200,160.771812
-114.0,114,160.803299
-143.0,143,160.845749
-145.0,145,160.886353
-108.0,108,160.917245
-115.0,115,160.948339
-140.0,140,160.9906
-144.0,144,161.030733
-120.0,120,161.06569
-110.0,110,161.09318
-179.0,179,161.147823
-113.0,113,161.178897
-108.0,108,161.206395
-140.0,140,161.246026
-140.0,140,161.290952
-108.0,108,161.322081
-142.0,142,161.361535
-139.0,139,161.398544
-110.0,110,161.432057
-116.0,116,161.463718
-114.0,114,161.49525
-142.0,142,161.535108
-143.0,143,161.578076
-110.0,110,161.609308
-114.0,114,161.640472
-111.0,111,161.671364
-118.0,118,161.708837
-141.0,141,161.745627
-141.0,141,161.787474
-128.0,128,161.823032
-132.0,132,161.86109
-110.0,110,161.892599
-109.0,109,161.923785
-113.0,113,161.954608
-143.0,143,161.999549
-145.0,145,162.039754
-143.0,143,162.080132
-139.0,139,162.119914
-144.0,144,162.162593
-123.0,123,162.19821
-141.0,141,162.234769
-110.0,110,162.26602
-110.0,110,162.299926
-137.0,137,162.339508
-136.0,136,162.375441
-110.0,110,162.406662
-118.0,118,162.440864
-115.0,115,162.475899
-141.0,141,162.512456
-139.0,139,162.552094
-111.0,111,162.586428
-113.0,113,162.61765
-138.0,138,162.65737
-117.0,117,162.689102
-117.0,117,162.725745
-200.0,200,162.78392
-137.0,137,162.820008
-139.0,139,162.859885
-108.0,108,162.893424
-139.0,139,162.93397
-109.0,109,162.961492
-112.0,112,162.992437
-171.0,171,163.04364
-134.0,134,163.080042
-137.0,137,163.11996
-109.0,109,163.150901
-136.0,136,163.191969
-117.0,117,163.230792
-110.0,110,163.258487
-114.0,114,163.293289
-137.0,137,163.332054
-131.0,131,163.368193
-116.0,116,163.403169
-174.0,174,163.448601
-135.0,135,163.492689
-136.0,136,163.528791
-111.0,111,163.559694
-144.0,144,163.599698
-106.0,106,163.633019
-147.0,147,163.673206
-107.0,107,163.704331
-141.0,141,163.743824
-126.0,126,163.781202
-107.0,107,163.80917
-150.0,150,163.852612
-146.0,146,163.892629
-108.0,108,163.922358
-162.0,162,163.970446
-151.0,151,164.010785
-158.0,158,164.055244
-152.0,152,164.098387
-159.0,159,164.142856
-89.0,89,164.168904
-170.0,170,164.217057
-152.0,152,164.263104
-164.0,164,164.309785
-151.0,151,164.354169
-155.0,155,164.395395
-142.0,142,164.437889
-108.0,108,164.46897
-107.0,107,164.49979
-113.0,113,164.530885
-164.0,164,164.577925
-158.0,158,164.622187
-110.0,110,164.655136
-107.0,107,164.682746
-160.0,160,164.729809
-87.0,87,164.756176
-87.0,87,164.779006
-109.0,109,164.809969
-95.0,95,164.839151
-133.0,133,164.875069
-173.0,173,164.923915
-111.0,111,164.954926
-108.0,108,164.989941
-152.0,152,165.031289
-195.0,195,165.087571
-151.0,151,165.127895
-153.0,153,165.174377
-159.0,159,165.21936
-169.0,169,165.264611
-156.0,156,165.30881
-95.0,95,165.338196
-151.0,151,165.378936
-155.0,155,165.422705
-171.0,171,165.471318
-108.0,108,165.501686
-165.0,165,165.550238
-145.0,145,165.590295
-145.0,145,165.630551
-143.0,143,165.673086
-148.0,148,165.713398
-147.0,147,165.753698
-108.0,108,165.78469
-119.0,119,165.821156
-143.0,143,165.861906
-143.0,143,165.902031
-185.0,185,165.955131
-116.0,116,165.988995
-159.0,159,166.033802
-115.0,115,166.066756
-147.0,147,166.107143
-170.0,170,166.157954
-144.0,144,166.198558
-90.0,90,166.224838
-144.0,144,166.265058
-97.0,97,166.294157
-145.0,145,166.334525
-145.0,145,166.374792
-148.0,148,166.415171
-111.0,111,166.448776
-108.0,108,166.47991
-143.0,143,166.520285
-108.0,108,166.547827
-200.0,200,166.611117
-149.0,149,166.651864
-149.0,149,166.695883
-115.0,115,166.727487
-116.0,116,166.761589
-113.0,113,166.792914
-179.0,179,166.84211
-109.0,109,166.873279
-148.0,148,166.915968
-146.0,146,166.95613
-89.0,89,166.982519
-119.0,119,167.013748
-148.0,148,167.060049
-147.0,147,167.100567
-112.0,112,167.131433
-100.0,100,167.15845
-109.0,109,167.191823
-107.0,107,167.223329
-144.0,144,167.263686
-148.0,148,167.303845
-102.0,102,167.336695
-107.0,107,167.368099
-148.0,148,167.409006
-144.0,144,167.448758
-143.0,143,167.493076
-97.0,97,167.520443
-159.0,159,167.565725
-113.0,113,167.597038
-140.0,140,167.639444
-113.0,113,167.67097
-153.0,153,167.715064
-119.0,119,167.746791
-163.0,163,167.794084
-140.0,140,167.834142
-109.0,109,167.865406
-109.0,109,167.900206
-137.0,137,167.942504
-171.0,171,167.991699
-138.0,138,168.027785
-108.0,108,168.05884
-139.0,139,168.101158
-109.0,109,168.132142
-100.0,100,168.158974
-162.0,162,168.203842
-150.0,150,168.246891
-138.0,138,168.286543
-142.0,142,168.326295
-140.0,140,168.366183
-121.0,121,168.400076
-142.0,142,168.440312
-160.0,160,168.484805
-141.0,141,168.52444
-145.0,145,168.566843
-138.0,138,168.606637
-109.0,109,168.634228
-110.0,110,168.665344
-89.0,89,168.696281
-109.0,109,168.72772
-132.0,132,168.763901
-108.0,108,168.794685
-137.0,137,168.833432
-140.0,140,168.873704
-142.0,142,168.913881
